,Countermeasures,Attacks
0,"[[], [], [], [], [], [], [], [], [], [], [], [], [], [], [], []]","[[], [], [], [], [], [], [], [], [], [], [], [], [], [], [], []]"
1,"[([0.4, 0.5, 0.3, 0.4, 100, 5],), ([0.4, 0.5, 0.3, 0.4, 100, 5],), ([0.4, 0.5, 0.3, 0.4, 100, 5],), ([0.4, 0.5, 0.3, 0.4, 100, 5],), ([0.4, 0.5, 0.3, 0.4, 100, 5],), ([0.4, 0.5, 0.3, 0.4, 100, 5],), ([0.4, 0.5, 0.3, 0.4, 100, 5],), ([0.4, 0.5, 0.3, 0.4, 100, 5],), ([0.4, 0.5, 0.3, 0.4, 100, 5],), ([0.4, 0.5, 0.3, 0.4, 100, 5],), ([0.4, 0.5, 0.3, 0.4, 100, 5],), ([0.4, 0.5, 0.3, 0.4, 100, 5],), ([0.4, 0.5, 0.3, 0.4, 100, 5],), ([0.4, 0.5, 0.3, 0.4, 100, 5],), ([0.4, 0.5, 0.3, 0.4, 100, 5],), ([0.4, 0.5, 0.3, 0.4, 100, 5],)]","[([0.25, 2600, 50, 0], [0.2, 2300, 60, 1], [0.2, 1700, 70, 2]), ([0.25, 2600, 50, 0], [0.2, 2300, 60, 1]), ([0.25, 2600, 50, 0], [0.2, 2300, 60, 1], [0.15, 1600, 65, 3]), ([0.25, 2600, 50, 0], [0.2, 2300, 60, 1]), ([0.25, 2600, 50, 0], [0.2, 2300, 60, 1], [0.15, 1600, 65, 3]), ([0.25, 2600, 50, 0], [0.2, 2300, 60, 1]), ([0.25, 2600, 50, 0], [0.2, 2300, 60, 1]), ([0.25, 2600, 50, 0], [0.2, 2300, 60, 1]), ([0.25, 2600, 50, 0], [0.2, 2300, 60, 1], [0.2, 1700, 70, 2]), ([0.25, 2600, 50, 0], [0.2, 2300, 60, 1]), ([0.25, 2600, 50, 0], [0.2, 2300, 60, 1], [0.2, 1700, 70, 2]), ([0.25, 2600, 50, 0], [0.2, 2300, 60, 1]), ([0.25, 2600, 50, 0], [0.2, 2300, 60, 1], [0.2, 1700, 70, 2]), ([0.25, 2600, 50, 0], [0.2, 2300, 60, 1]), ([0.25, 2600, 50, 0], [0.2, 2300, 60, 1]), ([0.25, 2600, 50, 0], [0.2, 2300, 60, 1], [0.15, 1600, 65, 3])]"
2,"[([0.4, 0.5, 0.3, 0.4, 100, 5],), ([0.4, 0.5, 0.3, 0.4, 100, 5],), ([0.4, 0.5, 0.3, 0.4, 100, 5],), ([0.4, 0.5, 0.3, 0.4, 100, 5],), ([0.4, 0.5, 0.3, 0.4, 100, 5],), ([0.4, 0.5, 0.3, 0.4, 100, 5],), ([0.4, 0.5, 0.3, 0.4, 100, 5],), ([0.4, 0.5, 0.3, 0.4, 100, 5],), ([0.4, 0.5, 0.3, 0.4, 100, 5],), ([0.4, 0.5, 0.3, 0.4, 100, 5],), ([0.4, 0.5, 0.3, 0.4, 100, 5],), ([0.4, 0.5, 0.3, 0.4, 100, 5],), ([0.4, 0.5, 0.3, 0.4, 100, 5],), ([0.4, 0.5, 0.3, 0.4, 100, 5],), ([0.4, 0.5, 0.3, 0.4, 100, 5],), ([0.4, 0.5, 0.3, 0.4, 100, 5],)]","[([0.25, 2600, 50, 0], [0.2, 2300, 60, 1]), ([0.25, 2600, 50, 0], [0.2, 2300, 60, 1]), ([0.25, 2600, 50, 0], [0.2, 2300, 60, 1]), ([0.25, 2600, 50, 0], [0.2, 2300, 60, 1]), ([0.25, 2600, 50, 0], [0.2, 2300, 60, 1], [0.2, 1700, 70, 2]), ([0.25, 2600, 50, 0], [0.2, 2300, 60, 1]), ([0.25, 2600, 50, 0], [0.2, 2300, 60, 1]), ([0.25, 2600, 50, 0], [0.2, 2300, 60, 1]), ([0.25, 2600, 50, 0], [0.2, 2300, 60, 1], [0.2, 1700, 70, 2]), ([0.25, 2600, 50, 0], [0.2, 2300, 60, 1]), ([0.25, 2600, 50, 0], [0.2, 2300, 60, 1], [0.2, 1700, 70, 2]), ([0.25, 2600, 50, 0], [0.2, 2300, 60, 1]), ([0.25, 2600, 50, 0], [0.2, 2300, 60, 1], [0.2, 1700, 70, 2]), ([0.25, 2600, 50, 0], [0.2, 2300, 60, 1], [0.15, 1600, 65, 3]), ([0.25, 2600, 50, 0], [0.2, 2300, 60, 1]), ([0.25, 2600, 50, 0], [0.2, 2300, 60, 1], [0.15, 1600, 65, 3])]"
3,"[([0.4, 0.5, 0.3, 0.4, 100, 5],), ([0.4, 0.5, 0.3, 0.4, 100, 5],), ([0.4, 0.5, 0.3, 0.4, 100, 5],), ([0.4, 0.5, 0.3, 0.4, 100, 5],), ([0.4, 0.5, 0.3, 0.4, 100, 5],), ([0.4, 0.5, 0.3, 0.4, 100, 5],), ([0.4, 0.5, 0.3, 0.4, 100, 5],), ([0.4, 0.5, 0.3, 0.4, 100, 5],), ([0.4, 0.5, 0.3, 0.4, 100, 5],), ([0.4, 0.5, 0.3, 0.4, 100, 5],), ([0.4, 0.5, 0.3, 0.4, 100, 5],), ([0.4, 0.5, 0.3, 0.4, 100, 5],), ([0.4, 0.5, 0.3, 0.4, 100, 5],), ([0.4, 0.5, 0.3, 0.4, 100, 5],), ([0.4, 0.5, 0.3, 0.4, 100, 5],), ([0.4, 0.5, 0.3, 0.4, 100, 5],)]","[([0.25, 2600, 50, 0], [0.2, 2300, 60, 1]), ([0.25, 2600, 50, 0], [0.2, 2300, 60, 1]), ([0.25, 2600, 50, 0], [0.2, 2300, 60, 1]), ([0.25, 2600, 50, 0], [0.2, 2300, 60, 1]), ([0.25, 2600, 50, 0], [0.2, 2300, 60, 1], [0.2, 1700, 70, 2]), ([0.25, 2600, 50, 0], [0.2, 2300, 60, 1]), ([0.25, 2600, 50, 0], [0.2, 2300, 60, 1]), ([0.25, 2600, 50, 0], [0.2, 2300, 60, 1]), ([0.25, 2600, 50, 0], [0.2, 2300, 60, 1], [0.2, 1700, 70, 2]), ([0.25, 2600, 50, 0], [0.2, 2300, 60, 1]), ([0.25, 2600, 50, 0], [0.2, 2300, 60, 1], [0.2, 1700, 70, 2]), ([0.25, 2600, 50, 0], [0.2, 2300, 60, 1]), ([0.25, 2600, 50, 0], [0.2, 2300, 60, 1]), ([0.25, 2600, 50, 0], [0.2, 2300, 60, 1], [0.15, 1600, 65, 3]), ([0.25, 2600, 50, 0], [0.2, 2300, 60, 1]), ([0.25, 2600, 50, 0], [0.2, 2300, 60, 1], [0.15, 1600, 65, 3])]"
4,"[([0.4, 0.5, 0.3, 0.4, 100, 5],), ([0.4, 0.5, 0.3, 0.4, 100, 5],), ([0.4, 0.5, 0.3, 0.4, 100, 5],), ([0.4, 0.5, 0.3, 0.4, 100, 5],), ([0.4, 0.5, 0.3, 0.4, 100, 5],), ([0.4, 0.5, 0.3, 0.4, 100, 5],), ([0.4, 0.5, 0.3, 0.4, 100, 5],), ([0.4, 0.5, 0.3, 0.4, 100, 5],), ([0.4, 0.5, 0.3, 0.4, 100, 5],), ([0.4, 0.5, 0.3, 0.4, 100, 5],), ([0.4, 0.5, 0.3, 0.4, 100, 5],), ([0.4, 0.5, 0.3, 0.4, 100, 5],), ([0.4, 0.5, 0.3, 0.4, 100, 5],), ([0.4, 0.5, 0.3, 0.4, 100, 5],), ([0.4, 0.5, 0.3, 0.4, 100, 5],), ([0.4, 0.5, 0.3, 0.4, 100, 5],)]","[([0.25, 2600, 50, 0], [0.2, 2300, 60, 1]), ([0.25, 2600, 50, 0], [0.2, 2300, 60, 1]), ([0.25, 2600, 50, 0], [0.2, 2300, 60, 1]), ([0.25, 2600, 50, 0], [0.2, 2300, 60, 1]), ([0.25, 2600, 50, 0], [0.2, 2300, 60, 1]), ([0.25, 2600, 50, 0], [0.2, 2300, 60, 1], [0.2, 1700, 70, 2]), ([0.25, 2600, 50, 0], [0.2, 2300, 60, 1]), ([0.25, 2600, 50, 0], [0.2, 2300, 60, 1]), ([0.25, 2600, 50, 0], [0.2, 2300, 60, 1]), ([0.25, 2600, 50, 0], [0.2, 2300, 60, 1]), ([0.25, 2600, 50, 0], [0.2, 2300, 60, 1]), ([0.25, 2600, 50, 0], [0.2, 2300, 60, 1]), ([0.25, 2600, 50, 0], [0.2, 2300, 60, 1]), ([0.25, 2600, 50, 0], [0.2, 2300, 60, 1], [0.15, 1600, 65, 3]), ([0.25, 2600, 50, 0], [0.2, 2300, 60, 1]), ([0.25, 2600, 50, 0], [0.2, 2300, 60, 1], [0.15, 1600, 65, 3])]"
5,"[([0.4, 0.5, 0.3, 0.4, 100, 5],), ([0.4, 0.5, 0.3, 0.4, 100, 5],), ([0.4, 0.5, 0.3, 0.4, 100, 5],), ([0.4, 0.5, 0.3, 0.4, 100, 5],), ([0.4, 0.5, 0.3, 0.4, 100, 5],), ([0.4, 0.5, 0.3, 0.4, 100, 5],), ([0.4, 0.5, 0.3, 0.4, 100, 5],), ([0.4, 0.5, 0.3, 0.4, 100, 5],), ([0.4, 0.5, 0.3, 0.4, 100, 5],), ([0.4, 0.5, 0.3, 0.4, 100, 5],), ([0.4, 0.5, 0.3, 0.4, 100, 5],), ([0.4, 0.5, 0.3, 0.4, 100, 5],), ([0.4, 0.5, 0.3, 0.4, 100, 5],), ([0.4, 0.5, 0.3, 0.4, 100, 5],), ([0.4, 0.5, 0.3, 0.4, 100, 5],), ([0.4, 0.5, 0.3, 0.4, 100, 5],)]","[([0.25, 2600, 50, 0], [0.2, 2300, 60, 1]), ([0.25, 2600, 50, 0], [0.2, 2300, 60, 1]), ([0.25, 2600, 50, 0], [0.2, 2300, 60, 1]), ([0.25, 2600, 50, 0], [0.2, 2300, 60, 1]), ([0.25, 2600, 50, 0], [0.2, 2300, 60, 1]), ([0.25, 2600, 50, 0], [0.2, 2300, 60, 1]), ([0.25, 2600, 50, 0], [0.2, 2300, 60, 1]), ([0.25, 2600, 50, 0], [0.2, 2300, 60, 1]), ([0.25, 2600, 50, 0], [0.2, 2300, 60, 1]), ([0.25, 2600, 50, 0], [0.2, 2300, 60, 1]), ([0.25, 2600, 50, 0], [0.2, 2300, 60, 1]), ([0.25, 2600, 50, 0], [0.2, 2300, 60, 1]), ([0.25, 2600, 50, 0], [0.2, 2300, 60, 1]), ([0.25, 2600, 50, 0], [0.2, 2300, 60, 1], [0.15, 1600, 65, 3]), ([0.25, 2600, 50, 0], [0.2, 2300, 60, 1]), ([0.25, 2600, 50, 0], [0.2, 2300, 60, 1], [0.15, 1600, 65, 3])]"
6,"[([0.4, 0.5, 0.3, 0.4, 100, 5],), ([0.4, 0.5, 0.3, 0.4, 100, 5],), ([0.4, 0.5, 0.3, 0.4, 100, 5],), ([0.4, 0.5, 0.3, 0.4, 100, 5],), ([0.4, 0.5, 0.3, 0.4, 100, 5],), ([0.4, 0.5, 0.3, 0.4, 100, 5],), ([0.4, 0.5, 0.3, 0.4, 100, 5],), ([0.4, 0.5, 0.3, 0.4, 100, 5],), ([0.4, 0.5, 0.3, 0.4, 100, 5],), ([0.4, 0.5, 0.3, 0.4, 100, 5],), ([0.4, 0.5, 0.3, 0.4, 100, 5],), ([0.4, 0.5, 0.3, 0.4, 100, 5],), ([0.4, 0.5, 0.3, 0.4, 100, 5],), ([0.4, 0.5, 0.3, 0.4, 100, 5],), ([0.4, 0.5, 0.3, 0.4, 100, 5],), ([0.4, 0.5, 0.3, 0.4, 100, 5],)]","[([0.25, 2600, 50, 0], [0.2, 2300, 60, 1]), ([0.25, 2600, 50, 0], [0.2, 2300, 60, 1]), ([0.25, 2600, 50, 0], [0.2, 2300, 60, 1]), ([0.25, 2600, 50, 0], [0.2, 2300, 60, 1]), ([0.25, 2600, 50, 0], [0.2, 2300, 60, 1]), ([0.25, 2600, 50, 0], [0.2, 2300, 60, 1]), ([0.25, 2600, 50, 0], [0.2, 2300, 60, 1]), ([0.25, 2600, 50, 0], [0.2, 2300, 60, 1]), ([0.25, 2600, 50, 0], [0.2, 2300, 60, 1]), ([0.25, 2600, 50, 0], [0.2, 2300, 60, 1]), ([0.25, 2600, 50, 0], [0.2, 2300, 60, 1]), ([0.25, 2600, 50, 0], [0.2, 2300, 60, 1]), ([0.25, 2600, 50, 0], [0.2, 2300, 60, 1]), ([0.25, 2600, 50, 0], [0.2, 2300, 60, 1], [0.15, 1600, 65, 3]), ([0.25, 2600, 50, 0], [0.2, 2300, 60, 1]), ([0.25, 2600, 50, 0], [0.2, 2300, 60, 1], [0.15, 1600, 65, 3])]"
7,"[([0.4, 0.5, 0.3, 0.4, 100, 5],), ([0.4, 0.5, 0.3, 0.4, 100, 5],), ([0.4, 0.5, 0.3, 0.4, 100, 5],), ([0.4, 0.5, 0.3, 0.4, 100, 5],), ([0.4, 0.5, 0.3, 0.4, 100, 5],), ([0.4, 0.5, 0.3, 0.4, 100, 5],), ([0.4, 0.5, 0.3, 0.4, 100, 5],), ([0.4, 0.5, 0.3, 0.4, 100, 5],), ([0.4, 0.5, 0.3, 0.4, 100, 5],), ([0.4, 0.5, 0.3, 0.4, 100, 5],), ([0.4, 0.5, 0.3, 0.4, 100, 5],), ([0.4, 0.5, 0.3, 0.4, 100, 5],), ([0.4, 0.5, 0.3, 0.4, 100, 5],), ([0.4, 0.5, 0.3, 0.4, 100, 5],), ([0.4, 0.5, 0.3, 0.4, 100, 5],), ([0.4, 0.5, 0.3, 0.4, 100, 5],)]","[([0.25, 2600, 50, 0], [0.2, 2300, 60, 1]), ([0.25, 2600, 50, 0], [0.2, 2300, 60, 1]), ([0.25, 2600, 50, 0], [0.2, 2300, 60, 1]), ([0.25, 2600, 50, 0], [0.2, 2300, 60, 1]), ([0.25, 2600, 50, 0], [0.2, 2300, 60, 1]), ([0.25, 2600, 50, 0], [0.2, 2300, 60, 1]), ([0.25, 2600, 50, 0], [0.2, 2300, 60, 1]), ([0.25, 2600, 50, 0], [0.2, 2300, 60, 1]), ([0.25, 2600, 50, 0], [0.2, 2300, 60, 1]), ([0.25, 2600, 50, 0], [0.2, 2300, 60, 1]), ([0.25, 2600, 50, 0], [0.2, 2300, 60, 1]), ([0.25, 2600, 50, 0], [0.2, 2300, 60, 1]), ([0.25, 2600, 50, 0], [0.2, 2300, 60, 1]), ([0.25, 2600, 50, 0], [0.2, 2300, 60, 1], [0.15, 1600, 65, 3]), ([0.25, 2600, 50, 0], [0.2, 2300, 60, 1]), ([0.25, 2600, 50, 0], [0.2, 2300, 60, 1], [0.15, 1600, 65, 3])]"
8,"[([0.4, 0.5, 0.3, 0.4, 100, 5],), ([0.4, 0.5, 0.3, 0.4, 100, 5],), ([0.4, 0.5, 0.3, 0.4, 100, 5],), ([0.4, 0.5, 0.3, 0.4, 100, 5],), ([0.4, 0.5, 0.3, 0.4, 100, 5],), ([0.4, 0.5, 0.3, 0.4, 100, 5],), ([0.4, 0.5, 0.3, 0.4, 100, 5],), ([0.4, 0.5, 0.3, 0.4, 100, 5],), ([0.4, 0.5, 0.3, 0.4, 100, 5],), ([0.4, 0.5, 0.3, 0.4, 100, 5],), ([0.4, 0.5, 0.3, 0.4, 100, 5],), ([0.4, 0.5, 0.3, 0.4, 100, 5],), ([0.4, 0.5, 0.3, 0.4, 100, 5],), ([0.4, 0.5, 0.3, 0.4, 100, 5],), ([0.4, 0.5, 0.3, 0.4, 100, 5],), ([0.4, 0.5, 0.3, 0.4, 100, 5],)]","[([0.25, 2600, 50, 0], [0.2, 2300, 60, 1]), ([0.25, 2600, 50, 0], [0.2, 2300, 60, 1]), ([0.25, 2600, 50, 0], [0.2, 2300, 60, 1]), ([0.25, 2600, 50, 0], [0.2, 2300, 60, 1]), ([0.25, 2600, 50, 0], [0.2, 2300, 60, 1]), ([0.25, 2600, 50, 0], [0.2, 2300, 60, 1]), ([0.25, 2600, 50, 0], [0.2, 2300, 60, 1]), ([0.25, 2600, 50, 0], [0.2, 2300, 60, 1]), ([0.25, 2600, 50, 0], [0.2, 2300, 60, 1]), ([0.25, 2600, 50, 0], [0.2, 2300, 60, 1]), ([0.25, 2600, 50, 0], [0.2, 2300, 60, 1]), ([0.25, 2600, 50, 0], [0.2, 2300, 60, 1]), ([0.25, 2600, 50, 0], [0.2, 2300, 60, 1]), ([0.25, 2600, 50, 0], [0.2, 2300, 60, 1], [0.15, 1600, 65, 3]), ([0.25, 2600, 50, 0], [0.2, 2300, 60, 1]), ([0.25, 2600, 50, 0], [0.2, 2300, 60, 1], [0.15, 1600, 65, 3])]"
9,"[([0.4, 0.5, 0.3, 0.4, 100, 5],), ([0.4, 0.5, 0.3, 0.4, 100, 5],), ([0.4, 0.5, 0.3, 0.4, 100, 5],), ([0.4, 0.5, 0.3, 0.4, 100, 5],), ([0.4, 0.5, 0.3, 0.4, 100, 5],), ([0.4, 0.5, 0.3, 0.4, 100, 5],), ([0.4, 0.5, 0.3, 0.4, 100, 5],), ([0.4, 0.5, 0.3, 0.4, 100, 5],), ([0.4, 0.5, 0.3, 0.4, 100, 5],), ([0.4, 0.5, 0.3, 0.4, 100, 5],), ([0.4, 0.5, 0.3, 0.4, 100, 5],), ([0.4, 0.5, 0.3, 0.4, 100, 5],), ([0.4, 0.5, 0.3, 0.4, 100, 5],), ([0.4, 0.5, 0.3, 0.4, 100, 5],), ([0.4, 0.5, 0.3, 0.4, 100, 5],), ([0.4, 0.5, 0.3, 0.4, 100, 5],)]","[([0.25, 2600, 50, 0], [0.2, 2300, 60, 1]), ([0.25, 2600, 50, 0], [0.2, 2300, 60, 1]), ([0.25, 2600, 50, 0], [0.2, 2300, 60, 1]), ([0.25, 2600, 50, 0], [0.2, 2300, 60, 1]), ([0.25, 2600, 50, 0], [0.2, 2300, 60, 1]), ([0.25, 2600, 50, 0], [0.2, 2300, 60, 1]), ([0.25, 2600, 50, 0], [0.2, 2300, 60, 1]), ([0.25, 2600, 50, 0], [0.2, 2300, 60, 1]), ([0.25, 2600, 50, 0], [0.2, 2300, 60, 1]), ([0.25, 2600, 50, 0], [0.2, 2300, 60, 1]), ([0.25, 2600, 50, 0], [0.2, 2300, 60, 1]), ([0.25, 2600, 50, 0], [0.2, 2300, 60, 1]), ([0.25, 2600, 50, 0], [0.2, 2300, 60, 1]), ([0.25, 2600, 50, 0], [0.2, 2300, 60, 1], [0.15, 1600, 65, 3]), ([0.25, 2600, 50, 0], [0.2, 2300, 60, 1]), ([0.25, 2600, 50, 0], [0.2, 2300, 60, 1], [0.15, 1600, 65, 3])]"
10,"[([0.4, 0.5, 0.3, 0.4, 100, 5],), ([0.4, 0.5, 0.3, 0.4, 100, 5],), ([0.4, 0.5, 0.3, 0.4, 100, 5],), ([0.4, 0.5, 0.3, 0.4, 100, 5],), ([0.4, 0.5, 0.3, 0.4, 100, 5],), ([0.4, 0.5, 0.3, 0.4, 100, 5],), ([0.4, 0.5, 0.3, 0.4, 100, 5],), ([0.4, 0.5, 0.3, 0.4, 100, 5],), ([0.4, 0.5, 0.3, 0.4, 100, 5],), ([0.4, 0.5, 0.3, 0.4, 100, 5],), ([0.4, 0.5, 0.3, 0.4, 100, 5],), ([0.4, 0.5, 0.3, 0.4, 100, 5],), ([0.4, 0.5, 0.3, 0.4, 100, 5],), ([0.4, 0.5, 0.3, 0.4, 100, 5],), ([0.4, 0.5, 0.3, 0.4, 100, 5],), ([0.4, 0.5, 0.3, 0.4, 100, 5],)]","[([0.25, 2600, 50, 0], [0.2, 2300, 60, 1]), ([0.25, 2600, 50, 0], [0.2, 2300, 60, 1]), ([0.25, 2600, 50, 0], [0.2, 2300, 60, 1]), ([0.25, 2600, 50, 0], [0.2, 2300, 60, 1]), ([0.25, 2600, 50, 0], [0.2, 2300, 60, 1]), ([0.25, 2600, 50, 0], [0.2, 2300, 60, 1]), ([0.25, 2600, 50, 0], [0.2, 2300, 60, 1]), ([0.25, 2600, 50, 0], [0.2, 2300, 60, 1]), ([0.25, 2600, 50, 0], [0.2, 2300, 60, 1]), ([0.25, 2600, 50, 0], [0.2, 2300, 60, 1]), ([0.25, 2600, 50, 0], [0.2, 2300, 60, 1]), ([0.25, 2600, 50, 0], [0.2, 2300, 60, 1]), ([0.25, 2600, 50, 0], [0.2, 2300, 60, 1]), ([0.25, 2600, 50, 0], [0.2, 2300, 60, 1], [0.15, 1600, 65, 3]), ([0.25, 2600, 50, 0], [0.2, 2300, 60, 1]), ([0.25, 2600, 50, 0], [0.2, 2300, 60, 1], [0.15, 1600, 65, 3])]"
11,"[([0.4, 0.5, 0.3, 0.4, 100, 5],), ([0.4, 0.5, 0.3, 0.4, 100, 5],), ([0.4, 0.5, 0.3, 0.4, 100, 5],), ([0.4, 0.5, 0.3, 0.4, 100, 5],), ([0.4, 0.5, 0.3, 0.4, 100, 5],), ([0.4, 0.5, 0.3, 0.4, 100, 5],), ([0.4, 0.5, 0.3, 0.4, 100, 5],), ([0.4, 0.5, 0.3, 0.4, 100, 5],), ([0.4, 0.5, 0.3, 0.4, 100, 5],), ([0.4, 0.5, 0.3, 0.4, 100, 5],), ([0.4, 0.5, 0.3, 0.4, 100, 5],), ([0.4, 0.5, 0.3, 0.4, 100, 5],), ([0.4, 0.5, 0.3, 0.4, 100, 5],), ([0.4, 0.5, 0.3, 0.4, 100, 5],), ([0.4, 0.5, 0.3, 0.4, 100, 5],), ([0.4, 0.5, 0.3, 0.4, 100, 5],)]","[([0.25, 2600, 50, 0], [0.2, 2300, 60, 1]), ([0.25, 2600, 50, 0], [0.2, 2300, 60, 1]), ([0.25, 2600, 50, 0], [0.2, 2300, 60, 1]), ([0.25, 2600, 50, 0], [0.2, 2300, 60, 1]), ([0.25, 2600, 50, 0], [0.2, 2300, 60, 1]), ([0.25, 2600, 50, 0], [0.2, 2300, 60, 1]), ([0.25, 2600, 50, 0], [0.2, 2300, 60, 1]), ([0.25, 2600, 50, 0], [0.2, 2300, 60, 1]), ([0.25, 2600, 50, 0], [0.2, 2300, 60, 1]), ([0.25, 2600, 50, 0], [0.2, 2300, 60, 1]), ([0.25, 2600, 50, 0], [0.2, 2300, 60, 1]), ([0.25, 2600, 50, 0], [0.2, 2300, 60, 1]), ([0.25, 2600, 50, 0], [0.2, 2300, 60, 1]), ([0.25, 2600, 50, 0], [0.2, 2300, 60, 1], [0.15, 1600, 65, 3]), ([0.25, 2600, 50, 0], [0.2, 2300, 60, 1]), ([0.25, 2600, 50, 0], [0.2, 2300, 60, 1], [0.15, 1600, 65, 3])]"
12,"[([0.4, 0.5, 0.3, 0.4, 100, 5],), ([0.4, 0.5, 0.3, 0.4, 100, 5],), ([0.4, 0.5, 0.3, 0.4, 100, 5],), ([0.4, 0.5, 0.3, 0.4, 100, 5],), ([0.4, 0.5, 0.3, 0.4, 100, 5],), ([0.4, 0.5, 0.3, 0.4, 100, 5],), ([0.4, 0.5, 0.3, 0.4, 100, 5],), ([0.4, 0.5, 0.3, 0.4, 100, 5],), ([0.4, 0.5, 0.3, 0.4, 100, 5],), ([0.4, 0.5, 0.3, 0.4, 100, 5],), ([0.4, 0.5, 0.3, 0.4, 100, 5],), ([0.4, 0.5, 0.3, 0.4, 100, 5],), ([0.4, 0.5, 0.3, 0.4, 100, 5],), ([0.4, 0.5, 0.3, 0.4, 100, 5],), ([0.4, 0.5, 0.3, 0.4, 100, 5],), ([0.4, 0.5, 0.3, 0.4, 100, 5],)]","[([0.25, 2600, 50, 0], [0.2, 2300, 60, 1]), ([0.25, 2600, 50, 0], [0.2, 2300, 60, 1]), ([0.25, 2600, 50, 0], [0.2, 2300, 60, 1]), ([0.25, 2600, 50, 0], [0.2, 2300, 60, 1]), ([0.25, 2600, 50, 0], [0.2, 2300, 60, 1]), ([0.25, 2600, 50, 0], [0.2, 2300, 60, 1]), ([0.25, 2600, 50, 0], [0.2, 2300, 60, 1]), ([0.25, 2600, 50, 0], [0.2, 2300, 60, 1]), ([0.25, 2600, 50, 0], [0.2, 2300, 60, 1]), ([0.25, 2600, 50, 0], [0.2, 2300, 60, 1]), ([0.25, 2600, 50, 0], [0.2, 2300, 60, 1]), ([0.25, 2600, 50, 0], [0.2, 2300, 60, 1]), ([0.25, 2600, 50, 0], [0.2, 2300, 60, 1]), ([0.25, 2600, 50, 0], [0.2, 2300, 60, 1], [0.15, 1600, 65, 3]), ([0.25, 2600, 50, 0], [0.2, 2300, 60, 1]), ([0.25, 2600, 50, 0], [0.2, 2300, 60, 1], [0.15, 1600, 65, 3])]"
13,"[([0.4, 0.5, 0.3, 0.4, 100, 5],), ([0.4, 0.5, 0.3, 0.4, 100, 5],), ([0.4, 0.5, 0.3, 0.4, 100, 5],), ([0.4, 0.5, 0.3, 0.4, 100, 5],), ([0.4, 0.5, 0.3, 0.4, 100, 5],), ([0.4, 0.5, 0.3, 0.4, 100, 5],), ([0.4, 0.5, 0.3, 0.4, 100, 5],), ([0.4, 0.5, 0.3, 0.4, 100, 5],), ([0.4, 0.5, 0.3, 0.4, 100, 5],), ([0.4, 0.5, 0.3, 0.4, 100, 5],), ([0.4, 0.5, 0.3, 0.4, 100, 5],), ([0.4, 0.5, 0.3, 0.4, 100, 5],), ([0.4, 0.5, 0.3, 0.4, 100, 5],), ([0.4, 0.5, 0.3, 0.4, 100, 5],), ([0.4, 0.5, 0.3, 0.4, 100, 5],), ([0.4, 0.5, 0.3, 0.4, 100, 5],)]","[([0.25, 2600, 50, 0], [0.2, 2300, 60, 1]), ([0.25, 2600, 50, 0], [0.2, 2300, 60, 1]), ([0.25, 2600, 50, 0], [0.2, 2300, 60, 1]), ([0.25, 2600, 50, 0], [0.2, 2300, 60, 1]), ([0.25, 2600, 50, 0], [0.2, 2300, 60, 1]), ([0.25, 2600, 50, 0], [0.2, 2300, 60, 1]), ([0.25, 2600, 50, 0], [0.2, 2300, 60, 1]), ([0.25, 2600, 50, 0], [0.2, 2300, 60, 1]), ([0.25, 2600, 50, 0], [0.2, 2300, 60, 1]), ([0.25, 2600, 50, 0], [0.2, 2300, 60, 1]), ([0.25, 2600, 50, 0], [0.2, 2300, 60, 1]), ([0.25, 2600, 50, 0], [0.2, 2300, 60, 1]), ([0.25, 2600, 50, 0], [0.2, 2300, 60, 1]), ([0.25, 2600, 50, 0], [0.2, 2300, 60, 1], [0.15, 1600, 65, 3]), ([0.25, 2600, 50, 0], [0.2, 2300, 60, 1]), ([0.25, 2600, 50, 0], [0.2, 2300, 60, 1], [0.15, 1600, 65, 3])]"
14,"[([0.4, 0.5, 0.3, 0.4, 100, 5],), ([0.4, 0.5, 0.3, 0.4, 100, 5],), ([0.4, 0.5, 0.3, 0.4, 100, 5],), ([0.4, 0.5, 0.3, 0.4, 100, 5],), ([0.4, 0.5, 0.3, 0.4, 100, 5],), ([0.4, 0.5, 0.3, 0.4, 100, 5],), ([0.4, 0.5, 0.3, 0.4, 100, 5],), ([0.4, 0.5, 0.3, 0.4, 100, 5],), ([0.4, 0.5, 0.3, 0.4, 100, 5],), ([0.4, 0.5, 0.3, 0.4, 100, 5],), ([0.4, 0.5, 0.3, 0.4, 100, 5],), ([0.4, 0.5, 0.3, 0.4, 100, 5],), ([0.4, 0.5, 0.3, 0.4, 100, 5],), ([0.4, 0.5, 0.3, 0.4, 100, 5],), ([0.4, 0.5, 0.3, 0.4, 100, 5],), ([0.4, 0.5, 0.3, 0.4, 100, 5],)]","[([0.25, 2600, 50, 0], [0.2, 2300, 60, 1]), ([0.25, 2600, 50, 0], [0.2, 2300, 60, 1]), ([0.25, 2600, 50, 0], [0.2, 2300, 60, 1]), ([0.25, 2600, 50, 0], [0.2, 2300, 60, 1]), ([0.25, 2600, 50, 0], [0.2, 2300, 60, 1]), ([0.25, 2600, 50, 0], [0.2, 2300, 60, 1]), ([0.25, 2600, 50, 0], [0.2, 2300, 60, 1]), ([0.25, 2600, 50, 0], [0.2, 2300, 60, 1]), ([0.25, 2600, 50, 0], [0.2, 2300, 60, 1]), ([0.25, 2600, 50, 0], [0.2, 2300, 60, 1]), ([0.25, 2600, 50, 0], [0.2, 2300, 60, 1]), ([0.25, 2600, 50, 0], [0.2, 2300, 60, 1]), ([0.25, 2600, 50, 0], [0.2, 2300, 60, 1]), ([0.25, 2600, 50, 0], [0.2, 2300, 60, 1], [0.15, 1600, 65, 3]), ([0.25, 2600, 50, 0], [0.2, 2300, 60, 1]), ([0.25, 2600, 50, 0], [0.2, 2300, 60, 1], [0.15, 1600, 65, 3])]"
15,"[([0.4, 0.5, 0.3, 0.4, 100, 5],), ([0.4, 0.5, 0.3, 0.4, 100, 5],), ([0.4, 0.5, 0.3, 0.4, 100, 5],), ([0.4, 0.5, 0.3, 0.4, 100, 5],), ([0.4, 0.5, 0.3, 0.4, 100, 5],), ([0.4, 0.5, 0.3, 0.4, 100, 5],), ([0.4, 0.5, 0.3, 0.4, 100, 5],), ([0.4, 0.5, 0.3, 0.4, 100, 5],), ([0.4, 0.5, 0.3, 0.4, 100, 5],), ([0.4, 0.5, 0.3, 0.4, 100, 5],), ([0.4, 0.5, 0.3, 0.4, 100, 5],), ([0.4, 0.5, 0.3, 0.4, 100, 5],), ([0.4, 0.5, 0.3, 0.4, 100, 5],), ([0.4, 0.5, 0.3, 0.4, 100, 5],), ([0.4, 0.5, 0.3, 0.4, 100, 5],), ([0.4, 0.5, 0.3, 0.4, 100, 5],)]","[([0.25, 2600, 50, 0], [0.2, 2300, 60, 1]), ([0.25, 2600, 50, 0], [0.2, 2300, 60, 1]), ([0.25, 2600, 50, 0], [0.2, 2300, 60, 1]), ([0.25, 2600, 50, 0], [0.2, 2300, 60, 1]), ([0.25, 2600, 50, 0], [0.2, 2300, 60, 1]), ([0.25, 2600, 50, 0], [0.2, 2300, 60, 1]), ([0.25, 2600, 50, 0], [0.2, 2300, 60, 1]), ([0.25, 2600, 50, 0], [0.2, 2300, 60, 1]), ([0.25, 2600, 50, 0], [0.2, 2300, 60, 1]), ([0.25, 2600, 50, 0], [0.2, 2300, 60, 1]), ([0.25, 2600, 50, 0], [0.2, 2300, 60, 1]), ([0.25, 2600, 50, 0], [0.2, 2300, 60, 1]), ([0.25, 2600, 50, 0], [0.2, 2300, 60, 1]), ([0.25, 2600, 50, 0], [0.2, 2300, 60, 1], [0.15, 1600, 65, 3]), ([0.25, 2600, 50, 0], [0.2, 2300, 60, 1]), ([0.25, 2600, 50, 0], [0.2, 2300, 60, 1], [0.15, 1600, 65, 3])]"
16,"[([0.4, 0.5, 0.3, 0.4, 100, 5],), ([0.4, 0.5, 0.3, 0.4, 100, 5],), ([0.4, 0.5, 0.3, 0.4, 100, 5],), ([0.4, 0.5, 0.3, 0.4, 100, 5],), ([0.4, 0.5, 0.3, 0.4, 100, 5],), ([0.4, 0.5, 0.3, 0.4, 100, 5],), ([0.4, 0.5, 0.3, 0.4, 100, 5],), ([0.4, 0.5, 0.3, 0.4, 100, 5],), ([0.4, 0.5, 0.3, 0.4, 100, 5],), ([0.4, 0.5, 0.3, 0.4, 100, 5],), ([0.4, 0.5, 0.3, 0.4, 100, 5],), ([0.4, 0.5, 0.3, 0.4, 100, 5],), ([0.4, 0.5, 0.3, 0.4, 100, 5],), ([0.4, 0.5, 0.3, 0.4, 100, 5],), ([0.4, 0.5, 0.3, 0.4, 100, 5],), ([0.4, 0.5, 0.3, 0.4, 100, 5],)]","[([0.25, 2600, 50, 0], [0.2, 2300, 60, 1]), ([0.25, 2600, 50, 0], [0.2, 2300, 60, 1]), ([0.25, 2600, 50, 0], [0.2, 2300, 60, 1]), ([0.25, 2600, 50, 0], [0.2, 2300, 60, 1]), ([0.25, 2600, 50, 0], [0.2, 2300, 60, 1]), ([0.25, 2600, 50, 0], [0.2, 2300, 60, 1]), ([0.25, 2600, 50, 0], [0.2, 2300, 60, 1]), ([0.25, 2600, 50, 0], [0.2, 2300, 60, 1]), ([0.25, 2600, 50, 0], [0.2, 2300, 60, 1]), ([0.25, 2600, 50, 0], [0.2, 2300, 60, 1]), ([0.25, 2600, 50, 0], [0.2, 2300, 60, 1]), ([0.25, 2600, 50, 0], [0.2, 2300, 60, 1]), ([0.25, 2600, 50, 0], [0.2, 2300, 60, 1]), ([0.25, 2600, 50, 0], [0.2, 2300, 60, 1], [0.15, 1600, 65, 3]), ([0.25, 2600, 50, 0], [0.2, 2300, 60, 1]), ([0.25, 2600, 50, 0], [0.2, 2300, 60, 1], [0.15, 1600, 65, 3])]"
17,"[([0.4, 0.5, 0.3, 0.4, 100, 5],), ([0.4, 0.5, 0.3, 0.4, 100, 5],), ([0.4, 0.5, 0.3, 0.4, 100, 5],), ([0.4, 0.5, 0.3, 0.4, 100, 5],), ([0.4, 0.5, 0.3, 0.4, 100, 5],), ([0.4, 0.5, 0.3, 0.4, 100, 5],), ([0.4, 0.5, 0.3, 0.4, 100, 5],), ([0.4, 0.5, 0.3, 0.4, 100, 5],), ([0.4, 0.5, 0.3, 0.4, 100, 5],), ([0.4, 0.5, 0.3, 0.4, 100, 5],), ([0.4, 0.5, 0.3, 0.4, 100, 5],), ([0.4, 0.5, 0.3, 0.4, 100, 5],), ([0.4, 0.5, 0.3, 0.4, 100, 5],), ([0.4, 0.5, 0.3, 0.4, 100, 5],), ([0.4, 0.5, 0.3, 0.4, 100, 5],), ([0.4, 0.5, 0.3, 0.4, 100, 5],)]","[([0.25, 2600, 50, 0], [0.2, 2300, 60, 1]), ([0.25, 2600, 50, 0], [0.2, 2300, 60, 1]), ([0.25, 2600, 50, 0], [0.2, 2300, 60, 1]), ([0.25, 2600, 50, 0], [0.2, 2300, 60, 1]), ([0.25, 2600, 50, 0], [0.2, 2300, 60, 1]), ([0.25, 2600, 50, 0], [0.2, 2300, 60, 1]), ([0.25, 2600, 50, 0], [0.2, 2300, 60, 1]), ([0.25, 2600, 50, 0], [0.2, 2300, 60, 1]), ([0.25, 2600, 50, 0], [0.2, 2300, 60, 1]), ([0.25, 2600, 50, 0], [0.2, 2300, 60, 1]), ([0.25, 2600, 50, 0], [0.2, 2300, 60, 1]), ([0.25, 2600, 50, 0], [0.2, 2300, 60, 1]), ([0.25, 2600, 50, 0], [0.2, 2300, 60, 1]), ([0.25, 2600, 50, 0], [0.2, 2300, 60, 1], [0.15, 1600, 65, 3]), ([0.25, 2600, 50, 0], [0.2, 2300, 60, 1]), ([0.25, 2600, 50, 0], [0.2, 2300, 60, 1], [0.15, 1600, 65, 3])]"
18,"[([0.4, 0.5, 0.3, 0.4, 100, 5],), ([0.4, 0.5, 0.3, 0.4, 100, 5],), ([0.4, 0.5, 0.3, 0.4, 100, 5],), ([0.4, 0.5, 0.3, 0.4, 100, 5],), ([0.4, 0.5, 0.3, 0.4, 100, 5],), ([0.4, 0.5, 0.3, 0.4, 100, 5],), ([0.4, 0.5, 0.3, 0.4, 100, 5],), ([0.4, 0.5, 0.3, 0.4, 100, 5],), ([0.4, 0.5, 0.3, 0.4, 100, 5],), ([0.4, 0.5, 0.3, 0.4, 100, 5],), ([0.4, 0.5, 0.3, 0.4, 100, 5],), ([0.4, 0.5, 0.3, 0.4, 100, 5],), ([0.4, 0.5, 0.3, 0.4, 100, 5],), ([0.4, 0.5, 0.3, 0.4, 100, 5],), ([0.4, 0.5, 0.3, 0.4, 100, 5],), ([0.4, 0.5, 0.3, 0.4, 100, 5],)]","[([0.25, 2600, 50, 0], [0.2, 2300, 60, 1]), ([0.25, 2600, 50, 0], [0.2, 2300, 60, 1]), ([0.25, 2600, 50, 0], [0.2, 2300, 60, 1]), ([0.25, 2600, 50, 0], [0.2, 2300, 60, 1]), ([0.25, 2600, 50, 0], [0.2, 2300, 60, 1]), ([0.25, 2600, 50, 0], [0.2, 2300, 60, 1]), ([0.25, 2600, 50, 0], [0.2, 2300, 60, 1]), ([0.25, 2600, 50, 0], [0.2, 2300, 60, 1]), ([0.25, 2600, 50, 0], [0.2, 2300, 60, 1]), ([0.25, 2600, 50, 0], [0.2, 2300, 60, 1]), ([0.25, 2600, 50, 0], [0.2, 2300, 60, 1]), ([0.25, 2600, 50, 0], [0.2, 2300, 60, 1]), ([0.25, 2600, 50, 0], [0.2, 2300, 60, 1]), ([0.25, 2600, 50, 0], [0.2, 2300, 60, 1], [0.15, 1600, 65, 3]), ([0.25, 2600, 50, 0], [0.2, 2300, 60, 1]), ([0.25, 2600, 50, 0], [0.2, 2300, 60, 1], [0.15, 1600, 65, 3])]"
19,"[([0.4, 0.5, 0.3, 0.4, 100, 5],), ([0.4, 0.5, 0.3, 0.4, 100, 5],), ([0.4, 0.5, 0.3, 0.4, 100, 5],), ([0.4, 0.5, 0.3, 0.4, 100, 5],), ([0.4, 0.5, 0.3, 0.4, 100, 5],), ([0.4, 0.5, 0.3, 0.4, 100, 5],), ([0.4, 0.5, 0.3, 0.4, 100, 5],), ([0.4, 0.5, 0.3, 0.4, 100, 5],), ([0.4, 0.5, 0.3, 0.4, 100, 5],), ([0.4, 0.5, 0.3, 0.4, 100, 5],), ([0.4, 0.5, 0.3, 0.4, 100, 5],), ([0.4, 0.5, 0.3, 0.4, 100, 5],), ([0.4, 0.5, 0.3, 0.4, 100, 5],), ([0.4, 0.5, 0.3, 0.4, 100, 5],), ([0.4, 0.5, 0.3, 0.4, 100, 5],), ([0.4, 0.5, 0.3, 0.4, 100, 5],)]","[([0.25, 2600, 50, 0], [0.2, 2300, 60, 1]), ([0.25, 2600, 50, 0], [0.2, 2300, 60, 1]), ([0.25, 2600, 50, 0], [0.2, 2300, 60, 1]), ([0.25, 2600, 50, 0], [0.2, 2300, 60, 1]), ([0.25, 2600, 50, 0], [0.2, 2300, 60, 1]), ([0.25, 2600, 50, 0], [0.2, 2300, 60, 1]), ([0.25, 2600, 50, 0], [0.2, 2300, 60, 1]), ([0.25, 2600, 50, 0], [0.2, 2300, 60, 1]), ([0.25, 2600, 50, 0], [0.2, 2300, 60, 1]), ([0.25, 2600, 50, 0], [0.2, 2300, 60, 1]), ([0.25, 2600, 50, 0], [0.2, 2300, 60, 1]), ([0.25, 2600, 50, 0], [0.2, 2300, 60, 1]), ([0.25, 2600, 50, 0], [0.2, 2300, 60, 1]), ([0.25, 2600, 50, 0], [0.2, 2300, 60, 1], [0.15, 1600, 65, 3]), ([0.25, 2600, 50, 0], [0.2, 2300, 60, 1]), ([0.25, 2600, 50, 0], [0.2, 2300, 60, 1], [0.15, 1600, 65, 3])]"
20,"[([0.4, 0.5, 0.3, 0.4, 100, 5],), ([0.4, 0.5, 0.3, 0.4, 100, 5],), ([0.4, 0.5, 0.3, 0.4, 100, 5],), ([0.4, 0.5, 0.3, 0.4, 100, 5],), ([0.4, 0.5, 0.3, 0.4, 100, 5],), ([0.4, 0.5, 0.3, 0.4, 100, 5],), ([0.4, 0.5, 0.3, 0.4, 100, 5],), ([0.4, 0.5, 0.3, 0.4, 100, 5],), ([0.4, 0.5, 0.3, 0.4, 100, 5],), ([0.4, 0.5, 0.3, 0.4, 100, 5],), ([0.4, 0.5, 0.3, 0.4, 100, 5],), ([0.4, 0.5, 0.3, 0.4, 100, 5],), ([0.4, 0.5, 0.3, 0.4, 100, 5],), ([0.4, 0.5, 0.3, 0.4, 100, 5],), ([0.4, 0.5, 0.3, 0.4, 100, 5],), ([0.4, 0.5, 0.3, 0.4, 100, 5],)]","[([0.25, 2600, 50, 0], [0.2, 2300, 60, 1]), ([0.25, 2600, 50, 0], [0.2, 2300, 60, 1]), ([0.25, 2600, 50, 0], [0.2, 2300, 60, 1]), ([0.25, 2600, 50, 0], [0.2, 2300, 60, 1]), ([0.25, 2600, 50, 0], [0.2, 2300, 60, 1]), ([0.25, 2600, 50, 0], [0.2, 2300, 60, 1]), ([0.25, 2600, 50, 0], [0.2, 2300, 60, 1]), ([0.25, 2600, 50, 0], [0.2, 2300, 60, 1]), ([0.25, 2600, 50, 0], [0.2, 2300, 60, 1]), ([0.25, 2600, 50, 0], [0.2, 2300, 60, 1]), ([0.25, 2600, 50, 0], [0.2, 2300, 60, 1]), ([0.25, 2600, 50, 0], [0.2, 2300, 60, 1]), ([0.25, 2600, 50, 0], [0.2, 2300, 60, 1]), ([0.25, 2600, 50, 0], [0.2, 2300, 60, 1], [0.15, 1600, 65, 3]), ([0.25, 2600, 50, 0], [0.2, 2300, 60, 1]), ([0.25, 2600, 50, 0], [0.2, 2300, 60, 1], [0.15, 1600, 65, 3])]"
21,"[([0.4, 0.5, 0.3, 0.4, 100, 5],), ([0.4, 0.5, 0.3, 0.4, 100, 5],), ([0.4, 0.5, 0.3, 0.4, 100, 5],), ([0.4, 0.5, 0.3, 0.4, 100, 5],), ([0.4, 0.5, 0.3, 0.4, 100, 5],), ([0.4, 0.5, 0.3, 0.4, 100, 5],), ([0.4, 0.5, 0.3, 0.4, 100, 5],), ([0.4, 0.5, 0.3, 0.4, 100, 5],), ([0.4, 0.5, 0.3, 0.4, 100, 5],), ([0.4, 0.5, 0.3, 0.4, 100, 5],), ([0.4, 0.5, 0.3, 0.4, 100, 5],), ([0.4, 0.5, 0.3, 0.4, 100, 5],), ([0.4, 0.5, 0.3, 0.4, 100, 5],), ([0.4, 0.5, 0.3, 0.4, 100, 5],), ([0.4, 0.5, 0.3, 0.4, 100, 5],), ([0.4, 0.5, 0.3, 0.4, 100, 5],)]","[([0.25, 2600, 50, 0], [0.2, 2300, 60, 1]), ([0.25, 2600, 50, 0], [0.2, 2300, 60, 1]), ([0.25, 2600, 50, 0], [0.2, 2300, 60, 1]), ([0.25, 2600, 50, 0], [0.2, 2300, 60, 1]), ([0.25, 2600, 50, 0], [0.2, 2300, 60, 1]), ([0.25, 2600, 50, 0], [0.2, 2300, 60, 1]), ([0.25, 2600, 50, 0], [0.2, 2300, 60, 1]), ([0.25, 2600, 50, 0], [0.2, 2300, 60, 1]), ([0.25, 2600, 50, 0], [0.2, 2300, 60, 1]), ([0.25, 2600, 50, 0], [0.2, 2300, 60, 1]), ([0.25, 2600, 50, 0], [0.2, 2300, 60, 1]), ([0.25, 2600, 50, 0], [0.2, 2300, 60, 1]), ([0.25, 2600, 50, 0], [0.2, 2300, 60, 1]), ([0.25, 2600, 50, 0], [0.2, 2300, 60, 1], [0.15, 1600, 65, 3]), ([0.25, 2600, 50, 0], [0.2, 2300, 60, 1]), ([0.25, 2600, 50, 0], [0.2, 2300, 60, 1], [0.15, 1600, 65, 3])]"
22,"[([0.4, 0.5, 0.3, 0.4, 100, 5],), ([0.4, 0.5, 0.3, 0.4, 100, 5],), ([0.4, 0.5, 0.3, 0.4, 100, 5],), ([0.4, 0.5, 0.3, 0.4, 100, 5],), ([0.4, 0.5, 0.3, 0.4, 100, 5],), ([0.4, 0.5, 0.3, 0.4, 100, 5],), ([0.4, 0.5, 0.3, 0.4, 100, 5],), ([0.4, 0.5, 0.3, 0.4, 100, 5],), ([0.4, 0.5, 0.3, 0.4, 100, 5],), ([0.4, 0.5, 0.3, 0.4, 100, 5],), ([0.4, 0.5, 0.3, 0.4, 100, 5],), ([0.4, 0.5, 0.3, 0.4, 100, 5],), ([0.4, 0.5, 0.3, 0.4, 100, 5],), ([0.4, 0.5, 0.3, 0.4, 100, 5],), ([0.4, 0.5, 0.3, 0.4, 100, 5],), ([0.4, 0.5, 0.3, 0.4, 100, 5],)]","[([0.25, 2600, 50, 0], [0.2, 2300, 60, 1]), ([0.25, 2600, 50, 0], [0.2, 2300, 60, 1]), ([0.25, 2600, 50, 0], [0.2, 2300, 60, 1]), ([0.25, 2600, 50, 0], [0.2, 2300, 60, 1]), ([0.25, 2600, 50, 0], [0.2, 2300, 60, 1]), ([0.25, 2600, 50, 0], [0.2, 2300, 60, 1]), ([0.25, 2600, 50, 0], [0.2, 2300, 60, 1]), ([0.25, 2600, 50, 0], [0.2, 2300, 60, 1]), ([0.25, 2600, 50, 0], [0.2, 2300, 60, 1]), ([0.25, 2600, 50, 0], [0.2, 2300, 60, 1]), ([0.25, 2600, 50, 0], [0.2, 2300, 60, 1]), ([0.25, 2600, 50, 0], [0.2, 2300, 60, 1]), ([0.25, 2600, 50, 0], [0.2, 2300, 60, 1]), ([0.25, 2600, 50, 0], [0.2, 2300, 60, 1], [0.15, 1600, 65, 3]), ([0.25, 2600, 50, 0], [0.2, 2300, 60, 1]), ([0.25, 2600, 50, 0], [0.2, 2300, 60, 1], [0.15, 1600, 65, 3])]"
23,"[([0.4, 0.5, 0.3, 0.4, 100, 5],), ([0.4, 0.5, 0.3, 0.4, 100, 5],), ([0.4, 0.5, 0.3, 0.4, 100, 5],), ([0.4, 0.5, 0.3, 0.4, 100, 5],), ([0.4, 0.5, 0.3, 0.4, 100, 5],), ([0.4, 0.5, 0.3, 0.4, 100, 5],), ([0.4, 0.5, 0.3, 0.4, 100, 5],), ([0.4, 0.5, 0.3, 0.4, 100, 5],), ([0.4, 0.5, 0.3, 0.4, 100, 5],), ([0.4, 0.5, 0.3, 0.4, 100, 5],), ([0.4, 0.5, 0.3, 0.4, 100, 5],), ([0.4, 0.5, 0.3, 0.4, 100, 5],), ([0.4, 0.5, 0.3, 0.4, 100, 5],), ([0.4, 0.5, 0.3, 0.4, 100, 5],), ([0.4, 0.5, 0.3, 0.4, 100, 5],), ([0.4, 0.5, 0.3, 0.4, 100, 5],)]","[([0.25, 2600, 50, 0], [0.2, 2300, 60, 1]), ([0.25, 2600, 50, 0], [0.2, 2300, 60, 1]), ([0.25, 2600, 50, 0], [0.2, 2300, 60, 1]), ([0.25, 2600, 50, 0], [0.2, 2300, 60, 1]), ([0.25, 2600, 50, 0], [0.2, 2300, 60, 1]), ([0.25, 2600, 50, 0], [0.2, 2300, 60, 1]), ([0.25, 2600, 50, 0], [0.2, 2300, 60, 1]), ([0.25, 2600, 50, 0], [0.2, 2300, 60, 1]), ([0.25, 2600, 50, 0], [0.2, 2300, 60, 1]), ([0.25, 2600, 50, 0], [0.2, 2300, 60, 1]), ([0.25, 2600, 50, 0], [0.2, 2300, 60, 1]), ([0.25, 2600, 50, 0], [0.2, 2300, 60, 1]), ([0.25, 2600, 50, 0], [0.2, 2300, 60, 1]), ([0.25, 2600, 50, 0], [0.2, 2300, 60, 1], [0.15, 1600, 65, 3]), ([0.25, 2600, 50, 0], [0.2, 2300, 60, 1]), ([0.25, 2600, 50, 0], [0.2, 2300, 60, 1], [0.15, 1600, 65, 3])]"
24,"[([0.4, 0.5, 0.3, 0.4, 100, 5],), ([0.4, 0.5, 0.3, 0.4, 100, 5],), ([0.4, 0.5, 0.3, 0.4, 100, 5],), ([0.4, 0.5, 0.3, 0.4, 100, 5],), ([0.4, 0.5, 0.3, 0.4, 100, 5],), ([0.4, 0.5, 0.3, 0.4, 100, 5],), ([0.4, 0.5, 0.3, 0.4, 100, 5],), ([0.4, 0.5, 0.3, 0.4, 100, 5],), ([0.4, 0.5, 0.3, 0.4, 100, 5],), ([0.4, 0.5, 0.3, 0.4, 100, 5],), ([0.4, 0.5, 0.3, 0.4, 100, 5],), ([0.4, 0.5, 0.3, 0.4, 100, 5],), ([0.4, 0.5, 0.3, 0.4, 100, 5],), ([0.4, 0.5, 0.3, 0.4, 100, 5],), ([0.4, 0.5, 0.3, 0.4, 100, 5],), ([0.4, 0.5, 0.3, 0.4, 100, 5],)]","[([0.25, 2600, 50, 0], [0.2, 2300, 60, 1]), ([0.25, 2600, 50, 0], [0.2, 2300, 60, 1]), ([0.25, 2600, 50, 0], [0.2, 2300, 60, 1]), ([0.25, 2600, 50, 0], [0.2, 2300, 60, 1]), ([0.25, 2600, 50, 0], [0.2, 2300, 60, 1]), ([0.25, 2600, 50, 0], [0.2, 2300, 60, 1]), ([0.25, 2600, 50, 0], [0.2, 2300, 60, 1]), ([0.25, 2600, 50, 0], [0.2, 2300, 60, 1]), ([0.25, 2600, 50, 0], [0.2, 2300, 60, 1]), ([0.25, 2600, 50, 0], [0.2, 2300, 60, 1]), ([0.25, 2600, 50, 0], [0.2, 2300, 60, 1]), ([0.25, 2600, 50, 0], [0.2, 2300, 60, 1]), ([0.25, 2600, 50, 0], [0.2, 2300, 60, 1]), ([0.25, 2600, 50, 0], [0.2, 2300, 60, 1], [0.15, 1600, 65, 3]), ([0.25, 2600, 50, 0], [0.2, 2300, 60, 1]), ([0.25, 2600, 50, 0], [0.2, 2300, 60, 1], [0.15, 1600, 65, 3])]"
25,"[([0.4, 0.5, 0.3, 0.4, 100, 5],), ([0.4, 0.5, 0.3, 0.4, 100, 5],), ([0.4, 0.5, 0.3, 0.4, 100, 5],), ([0.4, 0.5, 0.3, 0.4, 100, 5],), ([0.4, 0.5, 0.3, 0.4, 100, 5],), ([0.4, 0.5, 0.3, 0.4, 100, 5],), ([0.4, 0.5, 0.3, 0.4, 100, 5],), ([0.4, 0.5, 0.3, 0.4, 100, 5],), ([0.4, 0.5, 0.3, 0.4, 100, 5],), ([0.4, 0.5, 0.3, 0.4, 100, 5],), ([0.4, 0.5, 0.3, 0.4, 100, 5],), ([0.4, 0.5, 0.3, 0.4, 100, 5],), ([0.4, 0.5, 0.3, 0.4, 100, 5],), ([0.4, 0.5, 0.3, 0.4, 100, 5],), ([0.4, 0.5, 0.3, 0.4, 100, 5],), ([0.4, 0.5, 0.3, 0.4, 100, 5],)]","[([0.25, 2600, 50, 0], [0.2, 2300, 60, 1]), ([0.25, 2600, 50, 0], [0.2, 2300, 60, 1]), ([0.25, 2600, 50, 0], [0.2, 2300, 60, 1]), ([0.25, 2600, 50, 0], [0.2, 2300, 60, 1]), ([0.25, 2600, 50, 0], [0.2, 2300, 60, 1]), ([0.25, 2600, 50, 0], [0.2, 2300, 60, 1]), ([0.25, 2600, 50, 0], [0.2, 2300, 60, 1]), ([0.25, 2600, 50, 0], [0.2, 2300, 60, 1]), ([0.25, 2600, 50, 0], [0.2, 2300, 60, 1]), ([0.25, 2600, 50, 0], [0.2, 2300, 60, 1]), ([0.25, 2600, 50, 0], [0.2, 2300, 60, 1]), ([0.25, 2600, 50, 0], [0.2, 2300, 60, 1]), ([0.25, 2600, 50, 0], [0.2, 2300, 60, 1]), ([0.25, 2600, 50, 0], [0.2, 2300, 60, 1], [0.15, 1600, 65, 3]), ([0.25, 2600, 50, 0], [0.2, 2300, 60, 1]), ([0.25, 2600, 50, 0], [0.2, 2300, 60, 1], [0.15, 1600, 65, 3])]"
26,"[([0.4, 0.5, 0.3, 0.4, 100, 5],), ([0.4, 0.5, 0.3, 0.4, 100, 5],), ([0.4, 0.5, 0.3, 0.4, 100, 5],), ([0.4, 0.5, 0.3, 0.4, 100, 5],), ([0.4, 0.5, 0.3, 0.4, 100, 5],), ([0.4, 0.5, 0.3, 0.4, 100, 5],), ([0.4, 0.5, 0.3, 0.4, 100, 5],), ([0.4, 0.5, 0.3, 0.4, 100, 5],), ([0.4, 0.5, 0.3, 0.4, 100, 5],), ([0.4, 0.5, 0.3, 0.4, 100, 5],), ([0.4, 0.5, 0.3, 0.4, 100, 5],), ([0.4, 0.5, 0.3, 0.4, 100, 5],), ([0.4, 0.5, 0.3, 0.4, 100, 5],), ([0.4, 0.5, 0.3, 0.4, 100, 5],), ([0.4, 0.5, 0.3, 0.4, 100, 5],), ([0.4, 0.5, 0.3, 0.4, 100, 5],)]","[([0.25, 2600, 50, 0], [0.2, 2300, 60, 1]), ([0.25, 2600, 50, 0], [0.2, 2300, 60, 1]), ([0.25, 2600, 50, 0], [0.2, 2300, 60, 1]), ([0.25, 2600, 50, 0], [0.2, 2300, 60, 1]), ([0.25, 2600, 50, 0], [0.2, 2300, 60, 1]), ([0.25, 2600, 50, 0], [0.2, 2300, 60, 1]), ([0.25, 2600, 50, 0], [0.2, 2300, 60, 1]), ([0.25, 2600, 50, 0], [0.2, 2300, 60, 1]), ([0.25, 2600, 50, 0], [0.2, 2300, 60, 1]), ([0.25, 2600, 50, 0], [0.2, 2300, 60, 1]), ([0.25, 2600, 50, 0], [0.2, 2300, 60, 1]), ([0.25, 2600, 50, 0], [0.2, 2300, 60, 1]), ([0.25, 2600, 50, 0], [0.2, 2300, 60, 1]), ([0.25, 2600, 50, 0], [0.2, 2300, 60, 1], [0.15, 1600, 65, 3]), ([0.25, 2600, 50, 0], [0.2, 2300, 60, 1]), ([0.25, 2600, 50, 0], [0.2, 2300, 60, 1], [0.15, 1600, 65, 3])]"
27,"[([0.4, 0.5, 0.3, 0.4, 100, 5],), ([0.4, 0.5, 0.3, 0.4, 100, 5],), ([0.4, 0.5, 0.3, 0.4, 100, 5],), ([0.4, 0.5, 0.3, 0.4, 100, 5],), ([0.4, 0.5, 0.3, 0.4, 100, 5],), ([0.4, 0.5, 0.3, 0.4, 100, 5],), ([0.4, 0.5, 0.3, 0.4, 100, 5],), ([0.4, 0.5, 0.3, 0.4, 100, 5],), ([0.4, 0.5, 0.3, 0.4, 100, 5],), ([0.4, 0.5, 0.3, 0.4, 100, 5],), ([0.4, 0.5, 0.3, 0.4, 100, 5],), ([0.4, 0.5, 0.3, 0.4, 100, 5],), ([0.4, 0.5, 0.3, 0.4, 100, 5],), ([0.4, 0.5, 0.3, 0.4, 100, 5],), ([0.4, 0.5, 0.3, 0.4, 100, 5],), ([0.4, 0.5, 0.3, 0.4, 100, 5],)]","[([0.25, 2600, 50, 0], [0.2, 2300, 60, 1]), ([0.25, 2600, 50, 0], [0.2, 2300, 60, 1]), ([0.25, 2600, 50, 0], [0.2, 2300, 60, 1]), ([0.25, 2600, 50, 0], [0.2, 2300, 60, 1]), ([0.25, 2600, 50, 0], [0.2, 2300, 60, 1]), ([0.25, 2600, 50, 0], [0.2, 2300, 60, 1]), ([0.25, 2600, 50, 0], [0.2, 2300, 60, 1]), ([0.25, 2600, 50, 0], [0.2, 2300, 60, 1]), ([0.25, 2600, 50, 0], [0.2, 2300, 60, 1]), ([0.25, 2600, 50, 0], [0.2, 2300, 60, 1]), ([0.25, 2600, 50, 0], [0.2, 2300, 60, 1]), ([0.25, 2600, 50, 0], [0.2, 2300, 60, 1]), ([0.25, 2600, 50, 0], [0.2, 2300, 60, 1]), ([0.25, 2600, 50, 0], [0.2, 2300, 60, 1], [0.15, 1600, 65, 3]), ([0.25, 2600, 50, 0], [0.2, 2300, 60, 1]), ([0.25, 2600, 50, 0], [0.2, 2300, 60, 1], [0.15, 1600, 65, 3])]"
28,"[([0.4, 0.5, 0.3, 0.4, 100, 5],), ([0.4, 0.5, 0.3, 0.4, 100, 5],), ([0.4, 0.5, 0.3, 0.4, 100, 5],), ([0.4, 0.5, 0.3, 0.4, 100, 5],), ([0.4, 0.5, 0.3, 0.4, 100, 5],), ([0.4, 0.5, 0.3, 0.4, 100, 5],), ([0.4, 0.5, 0.3, 0.4, 100, 5],), ([0.4, 0.5, 0.3, 0.4, 100, 5],), ([0.4, 0.5, 0.3, 0.4, 100, 5],), ([0.4, 0.5, 0.3, 0.4, 100, 5],), ([0.4, 0.5, 0.3, 0.4, 100, 5],), ([0.4, 0.5, 0.3, 0.4, 100, 5],), ([0.4, 0.5, 0.3, 0.4, 100, 5],), ([0.4, 0.5, 0.3, 0.4, 100, 5],), ([0.4, 0.5, 0.3, 0.4, 100, 5],), ([0.4, 0.5, 0.3, 0.4, 100, 5],)]","[([0.25, 2600, 50, 0], [0.2, 2300, 60, 1]), ([0.25, 2600, 50, 0], [0.2, 2300, 60, 1]), ([0.25, 2600, 50, 0], [0.2, 2300, 60, 1]), ([0.25, 2600, 50, 0], [0.2, 2300, 60, 1]), ([0.25, 2600, 50, 0], [0.2, 2300, 60, 1]), ([0.25, 2600, 50, 0], [0.2, 2300, 60, 1]), ([0.25, 2600, 50, 0], [0.2, 2300, 60, 1]), ([0.25, 2600, 50, 0], [0.2, 2300, 60, 1]), ([0.25, 2600, 50, 0], [0.2, 2300, 60, 1]), ([0.25, 2600, 50, 0], [0.2, 2300, 60, 1]), ([0.25, 2600, 50, 0], [0.2, 2300, 60, 1]), ([0.25, 2600, 50, 0], [0.2, 2300, 60, 1]), ([0.25, 2600, 50, 0], [0.2, 2300, 60, 1]), ([0.25, 2600, 50, 0], [0.2, 2300, 60, 1], [0.15, 1600, 65, 3]), ([0.25, 2600, 50, 0], [0.2, 2300, 60, 1]), ([0.25, 2600, 50, 0], [0.2, 2300, 60, 1], [0.15, 1600, 65, 3])]"
29,"[([0.4, 0.5, 0.3, 0.4, 100, 5],), ([0.4, 0.5, 0.3, 0.4, 100, 5],), ([0.4, 0.5, 0.3, 0.4, 100, 5],), ([0.4, 0.5, 0.3, 0.4, 100, 5],), ([0.4, 0.5, 0.3, 0.4, 100, 5],), ([0.4, 0.5, 0.3, 0.4, 100, 5],), ([0.4, 0.5, 0.3, 0.4, 100, 5],), ([0.4, 0.5, 0.3, 0.4, 100, 5],), ([0.4, 0.5, 0.3, 0.4, 100, 5],), ([0.4, 0.5, 0.3, 0.4, 100, 5],), ([0.4, 0.5, 0.3, 0.4, 100, 5],), ([0.4, 0.5, 0.3, 0.4, 100, 5],), ([0.4, 0.5, 0.3, 0.4, 100, 5],), ([0.4, 0.5, 0.3, 0.4, 100, 5],), ([0.4, 0.5, 0.3, 0.4, 100, 5],), ([0.4, 0.5, 0.3, 0.4, 100, 5],)]","[([0.25, 2600, 50, 0], [0.2, 2300, 60, 1]), ([0.25, 2600, 50, 0], [0.2, 2300, 60, 1]), ([0.25, 2600, 50, 0], [0.2, 2300, 60, 1]), ([0.25, 2600, 50, 0], [0.2, 2300, 60, 1]), ([0.25, 2600, 50, 0], [0.2, 2300, 60, 1]), ([0.25, 2600, 50, 0], [0.2, 2300, 60, 1]), ([0.25, 2600, 50, 0], [0.2, 2300, 60, 1]), ([0.25, 2600, 50, 0], [0.2, 2300, 60, 1]), ([0.25, 2600, 50, 0], [0.2, 2300, 60, 1]), ([0.25, 2600, 50, 0], [0.2, 2300, 60, 1]), ([0.25, 2600, 50, 0], [0.2, 2300, 60, 1]), ([0.25, 2600, 50, 0], [0.2, 2300, 60, 1]), ([0.25, 2600, 50, 0], [0.2, 2300, 60, 1]), ([0.25, 2600, 50, 0], [0.2, 2300, 60, 1], [0.15, 1600, 65, 3]), ([0.25, 2600, 50, 0], [0.2, 2300, 60, 1]), ([0.25, 2600, 50, 0], [0.2, 2300, 60, 1], [0.15, 1600, 65, 3])]"
30,"[([0.4, 0.5, 0.3, 0.4, 100, 5],), ([0.4, 0.5, 0.3, 0.4, 100, 5],), ([0.4, 0.5, 0.3, 0.4, 100, 5],), ([0.4, 0.5, 0.3, 0.4, 100, 5],), ([0.4, 0.5, 0.3, 0.4, 100, 5],), ([0.4, 0.5, 0.3, 0.4, 100, 5],), ([0.4, 0.5, 0.3, 0.4, 100, 5],), ([0.4, 0.5, 0.3, 0.4, 100, 5],), ([0.4, 0.5, 0.3, 0.4, 100, 5],), ([0.4, 0.5, 0.3, 0.4, 100, 5],), ([0.4, 0.5, 0.3, 0.4, 100, 5],), ([0.4, 0.5, 0.3, 0.4, 100, 5],), ([0.4, 0.5, 0.3, 0.4, 100, 5],), ([0.4, 0.5, 0.3, 0.4, 100, 5],), ([0.4, 0.5, 0.3, 0.4, 100, 5],), ([0.4, 0.5, 0.3, 0.4, 100, 5],)]","[([0.25, 2600, 50, 0], [0.2, 2300, 60, 1]), ([0.25, 2600, 50, 0], [0.2, 2300, 60, 1]), ([0.25, 2600, 50, 0], [0.2, 2300, 60, 1]), ([0.25, 2600, 50, 0], [0.2, 2300, 60, 1]), ([0.25, 2600, 50, 0], [0.2, 2300, 60, 1]), ([0.25, 2600, 50, 0], [0.2, 2300, 60, 1]), ([0.25, 2600, 50, 0], [0.2, 2300, 60, 1]), ([0.25, 2600, 50, 0], [0.2, 2300, 60, 1]), ([0.25, 2600, 50, 0], [0.2, 2300, 60, 1]), ([0.25, 2600, 50, 0], [0.2, 2300, 60, 1]), ([0.25, 2600, 50, 0], [0.2, 2300, 60, 1]), ([0.25, 2600, 50, 0], [0.2, 2300, 60, 1]), ([0.25, 2600, 50, 0], [0.2, 2300, 60, 1]), ([0.25, 2600, 50, 0], [0.2, 2300, 60, 1], [0.15, 1600, 65, 3]), ([0.25, 2600, 50, 0], [0.2, 2300, 60, 1]), ([0.25, 2600, 50, 0], [0.2, 2300, 60, 1], [0.15, 1600, 65, 3])]"
31,"[([0.4, 0.5, 0.3, 0.4, 100, 5],), ([0.4, 0.5, 0.3, 0.4, 100, 5],), ([0.4, 0.5, 0.3, 0.4, 100, 5],), ([0.4, 0.5, 0.3, 0.4, 100, 5],), ([0.4, 0.5, 0.3, 0.4, 100, 5],), ([0.4, 0.5, 0.3, 0.4, 100, 5],), ([0.4, 0.5, 0.3, 0.4, 100, 5],), ([0.4, 0.5, 0.3, 0.4, 100, 5],), ([0.4, 0.5, 0.3, 0.4, 100, 5],), ([0.4, 0.5, 0.3, 0.4, 100, 5],), ([0.4, 0.5, 0.3, 0.4, 100, 5],), ([0.4, 0.5, 0.3, 0.4, 100, 5],), ([0.4, 0.5, 0.3, 0.4, 100, 5],), ([0.4, 0.5, 0.3, 0.4, 100, 5],), ([0.4, 0.5, 0.3, 0.4, 100, 5],), ([0.4, 0.5, 0.3, 0.4, 100, 5],)]","[([0.25, 2600, 50, 0], [0.2, 2300, 60, 1]), ([0.25, 2600, 50, 0], [0.2, 2300, 60, 1]), ([0.25, 2600, 50, 0], [0.2, 2300, 60, 1]), ([0.25, 2600, 50, 0], [0.2, 2300, 60, 1]), ([0.25, 2600, 50, 0], [0.2, 2300, 60, 1]), ([0.25, 2600, 50, 0], [0.2, 2300, 60, 1]), ([0.25, 2600, 50, 0], [0.2, 2300, 60, 1]), ([0.25, 2600, 50, 0], [0.2, 2300, 60, 1]), ([0.25, 2600, 50, 0], [0.2, 2300, 60, 1]), ([0.25, 2600, 50, 0], [0.2, 2300, 60, 1]), ([0.25, 2600, 50, 0], [0.2, 2300, 60, 1]), ([0.25, 2600, 50, 0], [0.2, 2300, 60, 1]), ([0.25, 2600, 50, 0], [0.2, 2300, 60, 1]), ([0.25, 2600, 50, 0], [0.2, 2300, 60, 1], [0.15, 1600, 65, 3]), ([0.25, 2600, 50, 0], [0.2, 2300, 60, 1]), ([0.25, 2600, 50, 0], [0.2, 2300, 60, 1], [0.15, 1600, 65, 3])]"
32,"[([0.4, 0.5, 0.3, 0.4, 100, 5],), ([0.4, 0.5, 0.3, 0.4, 100, 5],), ([0.4, 0.5, 0.3, 0.4, 100, 5],), ([0.4, 0.5, 0.3, 0.4, 100, 5],), ([0.4, 0.5, 0.3, 0.4, 100, 5],), ([0.4, 0.5, 0.3, 0.4, 100, 5],), ([0.4, 0.5, 0.3, 0.4, 100, 5],), ([0.4, 0.5, 0.3, 0.4, 100, 5],), ([0.4, 0.5, 0.3, 0.4, 100, 5],), ([0.4, 0.5, 0.3, 0.4, 100, 5],), ([0.4, 0.5, 0.3, 0.4, 100, 5],), ([0.4, 0.5, 0.3, 0.4, 100, 5],), ([0.4, 0.5, 0.3, 0.4, 100, 5],), ([0.4, 0.5, 0.3, 0.4, 100, 5],), ([0.4, 0.5, 0.3, 0.4, 100, 5],), ([0.4, 0.5, 0.3, 0.4, 100, 5],)]","[([0.25, 2600, 50, 0], [0.2, 2300, 60, 1]), ([0.25, 2600, 50, 0], [0.2, 2300, 60, 1]), ([0.25, 2600, 50, 0], [0.2, 2300, 60, 1]), ([0.25, 2600, 50, 0], [0.2, 2300, 60, 1]), ([0.25, 2600, 50, 0], [0.2, 2300, 60, 1]), ([0.25, 2600, 50, 0], [0.2, 2300, 60, 1]), ([0.25, 2600, 50, 0], [0.2, 2300, 60, 1]), ([0.25, 2600, 50, 0], [0.2, 2300, 60, 1]), ([0.25, 2600, 50, 0], [0.2, 2300, 60, 1]), ([0.25, 2600, 50, 0], [0.2, 2300, 60, 1]), ([0.25, 2600, 50, 0], [0.2, 2300, 60, 1]), ([0.25, 2600, 50, 0], [0.2, 2300, 60, 1]), ([0.25, 2600, 50, 0], [0.2, 2300, 60, 1]), ([0.25, 2600, 50, 0], [0.2, 2300, 60, 1], [0.15, 1600, 65, 3]), ([0.25, 2600, 50, 0], [0.2, 2300, 60, 1]), ([0.25, 2600, 50, 0], [0.2, 2300, 60, 1], [0.15, 1600, 65, 3])]"
33,"[([0.4, 0.5, 0.3, 0.4, 100, 5],), ([0.4, 0.5, 0.3, 0.4, 100, 5],), ([0.4, 0.5, 0.3, 0.4, 100, 5],), ([0.4, 0.5, 0.3, 0.4, 100, 5],), ([0.4, 0.5, 0.3, 0.4, 100, 5],), ([0.4, 0.5, 0.3, 0.4, 100, 5],), ([0.4, 0.5, 0.3, 0.4, 100, 5],), ([0.4, 0.5, 0.3, 0.4, 100, 5],), ([0.4, 0.5, 0.3, 0.4, 100, 5],), ([0.4, 0.5, 0.3, 0.4, 100, 5],), ([0.4, 0.5, 0.3, 0.4, 100, 5],), ([0.4, 0.5, 0.3, 0.4, 100, 5],), ([0.4, 0.5, 0.3, 0.4, 100, 5],), ([0.4, 0.5, 0.3, 0.4, 100, 5],), ([0.4, 0.5, 0.3, 0.4, 100, 5],), ([0.4, 0.5, 0.3, 0.4, 100, 5],)]","[([0.25, 2600, 50, 0], [0.2, 2300, 60, 1]), ([0.25, 2600, 50, 0], [0.2, 2300, 60, 1]), ([0.25, 2600, 50, 0], [0.2, 2300, 60, 1]), ([0.25, 2600, 50, 0], [0.2, 2300, 60, 1]), ([0.25, 2600, 50, 0], [0.2, 2300, 60, 1]), ([0.25, 2600, 50, 0], [0.2, 2300, 60, 1]), ([0.25, 2600, 50, 0], [0.2, 2300, 60, 1]), ([0.25, 2600, 50, 0], [0.2, 2300, 60, 1]), ([0.25, 2600, 50, 0], [0.2, 2300, 60, 1]), ([0.25, 2600, 50, 0], [0.2, 2300, 60, 1]), ([0.25, 2600, 50, 0], [0.2, 2300, 60, 1]), ([0.25, 2600, 50, 0], [0.2, 2300, 60, 1]), ([0.25, 2600, 50, 0], [0.2, 2300, 60, 1]), ([0.25, 2600, 50, 0], [0.2, 2300, 60, 1], [0.15, 1600, 65, 3]), ([0.25, 2600, 50, 0], [0.2, 2300, 60, 1]), ([0.25, 2600, 50, 0], [0.2, 2300, 60, 1], [0.15, 1600, 65, 3])]"
34,"[([0.4, 0.5, 0.3, 0.4, 100, 5],), ([0.4, 0.5, 0.3, 0.4, 100, 5],), ([0.4, 0.5, 0.3, 0.4, 100, 5],), ([0.4, 0.5, 0.3, 0.4, 100, 5],), ([0.4, 0.5, 0.3, 0.4, 100, 5],), ([0.4, 0.5, 0.3, 0.4, 100, 5],), ([0.4, 0.5, 0.3, 0.4, 100, 5],), ([0.4, 0.5, 0.3, 0.4, 100, 5],), ([0.4, 0.5, 0.3, 0.4, 100, 5],), ([0.4, 0.5, 0.3, 0.4, 100, 5],), ([0.4, 0.5, 0.3, 0.4, 100, 5],), ([0.4, 0.5, 0.3, 0.4, 100, 5],), ([0.4, 0.5, 0.3, 0.4, 100, 5],), ([0.4, 0.5, 0.3, 0.4, 100, 5],), ([0.4, 0.5, 0.3, 0.4, 100, 5],), ([0.4, 0.5, 0.3, 0.4, 100, 5],)]","[([0.25, 2600, 50, 0], [0.2, 2300, 60, 1]), ([0.25, 2600, 50, 0], [0.2, 2300, 60, 1]), ([0.25, 2600, 50, 0], [0.2, 2300, 60, 1]), ([0.25, 2600, 50, 0], [0.2, 2300, 60, 1]), ([0.25, 2600, 50, 0], [0.2, 2300, 60, 1]), ([0.25, 2600, 50, 0], [0.2, 2300, 60, 1]), ([0.25, 2600, 50, 0], [0.2, 2300, 60, 1]), ([0.25, 2600, 50, 0], [0.2, 2300, 60, 1]), ([0.25, 2600, 50, 0], [0.2, 2300, 60, 1]), ([0.25, 2600, 50, 0], [0.2, 2300, 60, 1]), ([0.25, 2600, 50, 0], [0.2, 2300, 60, 1]), ([0.25, 2600, 50, 0], [0.2, 2300, 60, 1]), ([0.25, 2600, 50, 0], [0.2, 2300, 60, 1]), ([0.25, 2600, 50, 0], [0.2, 2300, 60, 1], [0.15, 1600, 65, 3]), ([0.25, 2600, 50, 0], [0.2, 2300, 60, 1]), ([0.25, 2600, 50, 0], [0.2, 2300, 60, 1], [0.15, 1600, 65, 3])]"
35,"[([0.4, 0.5, 0.3, 0.4, 100, 5],), ([0.4, 0.5, 0.3, 0.4, 100, 5],), ([0.4, 0.5, 0.3, 0.4, 100, 5],), ([0.4, 0.5, 0.3, 0.4, 100, 5],), ([0.4, 0.5, 0.3, 0.4, 100, 5],), ([0.4, 0.5, 0.3, 0.4, 100, 5],), ([0.4, 0.5, 0.3, 0.4, 100, 5],), ([0.4, 0.5, 0.3, 0.4, 100, 5],), ([0.4, 0.5, 0.3, 0.4, 100, 5],), ([0.4, 0.5, 0.3, 0.4, 100, 5],), ([0.4, 0.5, 0.3, 0.4, 100, 5],), ([0.4, 0.5, 0.3, 0.4, 100, 5],), ([0.4, 0.5, 0.3, 0.4, 100, 5],), ([0.4, 0.5, 0.3, 0.4, 100, 5],), ([0.4, 0.5, 0.3, 0.4, 100, 5],), ([0.4, 0.5, 0.3, 0.4, 100, 5],)]","[([0.25, 2600, 50, 0], [0.2, 2300, 60, 1]), ([0.25, 2600, 50, 0], [0.2, 2300, 60, 1]), ([0.25, 2600, 50, 0], [0.2, 2300, 60, 1]), ([0.25, 2600, 50, 0], [0.2, 2300, 60, 1]), ([0.25, 2600, 50, 0], [0.2, 2300, 60, 1]), ([0.25, 2600, 50, 0], [0.2, 2300, 60, 1]), ([0.25, 2600, 50, 0], [0.2, 2300, 60, 1]), ([0.25, 2600, 50, 0], [0.2, 2300, 60, 1]), ([0.25, 2600, 50, 0], [0.2, 2300, 60, 1]), ([0.25, 2600, 50, 0], [0.2, 2300, 60, 1]), ([0.25, 2600, 50, 0], [0.2, 2300, 60, 1]), ([0.25, 2600, 50, 0], [0.2, 2300, 60, 1]), ([0.25, 2600, 50, 0], [0.2, 2300, 60, 1]), ([0.25, 2600, 50, 0], [0.2, 2300, 60, 1], [0.15, 1600, 65, 3]), ([0.25, 2600, 50, 0], [0.2, 2300, 60, 1]), ([0.25, 2600, 50, 0], [0.2, 2300, 60, 1], [0.15, 1600, 65, 3])]"
36,"[([0.4, 0.5, 0.3, 0.4, 100, 5],), ([0.4, 0.5, 0.3, 0.4, 100, 5],), ([0.4, 0.5, 0.3, 0.4, 100, 5],), ([0.4, 0.5, 0.3, 0.4, 100, 5],), ([0.4, 0.5, 0.3, 0.4, 100, 5],), ([0.4, 0.5, 0.3, 0.4, 100, 5],), ([0.4, 0.5, 0.3, 0.4, 100, 5],), ([0.4, 0.5, 0.3, 0.4, 100, 5],), ([0.4, 0.5, 0.3, 0.4, 100, 5],), ([0.4, 0.5, 0.3, 0.4, 100, 5],), ([0.4, 0.5, 0.3, 0.4, 100, 5],), ([0.4, 0.5, 0.3, 0.4, 100, 5],), ([0.4, 0.5, 0.3, 0.4, 100, 5],), ([0.4, 0.5, 0.3, 0.4, 100, 5],), ([0.4, 0.5, 0.3, 0.4, 100, 5],), ([0.4, 0.5, 0.3, 0.4, 100, 5],)]","[([0.25, 2600, 50, 0], [0.2, 2300, 60, 1]), ([0.25, 2600, 50, 0], [0.2, 2300, 60, 1]), ([0.25, 2600, 50, 0], [0.2, 2300, 60, 1]), ([0.25, 2600, 50, 0], [0.2, 2300, 60, 1]), ([0.25, 2600, 50, 0], [0.2, 2300, 60, 1]), ([0.25, 2600, 50, 0], [0.2, 2300, 60, 1]), ([0.25, 2600, 50, 0], [0.2, 2300, 60, 1]), ([0.25, 2600, 50, 0], [0.2, 2300, 60, 1]), ([0.25, 2600, 50, 0], [0.2, 2300, 60, 1]), ([0.25, 2600, 50, 0], [0.2, 2300, 60, 1]), ([0.25, 2600, 50, 0], [0.2, 2300, 60, 1]), ([0.25, 2600, 50, 0], [0.2, 2300, 60, 1]), ([0.25, 2600, 50, 0], [0.2, 2300, 60, 1]), ([0.25, 2600, 50, 0], [0.2, 2300, 60, 1], [0.15, 1600, 65, 3]), ([0.25, 2600, 50, 0], [0.2, 2300, 60, 1]), ([0.25, 2600, 50, 0], [0.2, 2300, 60, 1], [0.15, 1600, 65, 3])]"
37,"[([0.4, 0.5, 0.3, 0.4, 100, 5],), ([0.4, 0.5, 0.3, 0.4, 100, 5],), ([0.4, 0.5, 0.3, 0.4, 100, 5],), ([0.4, 0.5, 0.3, 0.4, 100, 5],), ([0.4, 0.5, 0.3, 0.4, 100, 5],), ([0.4, 0.5, 0.3, 0.4, 100, 5],), ([0.4, 0.5, 0.3, 0.4, 100, 5],), ([0.4, 0.5, 0.3, 0.4, 100, 5],), ([0.4, 0.5, 0.3, 0.4, 100, 5],), ([0.4, 0.5, 0.3, 0.4, 100, 5],), ([0.4, 0.5, 0.3, 0.4, 100, 5],), ([0.4, 0.5, 0.3, 0.4, 100, 5],), ([0.4, 0.5, 0.3, 0.4, 100, 5],), ([0.4, 0.5, 0.3, 0.4, 100, 5],), ([0.4, 0.5, 0.3, 0.4, 100, 5],), ([0.4, 0.5, 0.3, 0.4, 100, 5],)]","[([0.25, 2600, 50, 0], [0.2, 2300, 60, 1]), ([0.25, 2600, 50, 0], [0.2, 2300, 60, 1]), ([0.25, 2600, 50, 0], [0.2, 2300, 60, 1]), ([0.25, 2600, 50, 0], [0.2, 2300, 60, 1]), ([0.25, 2600, 50, 0], [0.2, 2300, 60, 1]), ([0.25, 2600, 50, 0], [0.2, 2300, 60, 1]), ([0.25, 2600, 50, 0], [0.2, 2300, 60, 1]), ([0.25, 2600, 50, 0], [0.2, 2300, 60, 1]), ([0.25, 2600, 50, 0], [0.2, 2300, 60, 1]), ([0.25, 2600, 50, 0], [0.2, 2300, 60, 1]), ([0.25, 2600, 50, 0], [0.2, 2300, 60, 1]), ([0.25, 2600, 50, 0], [0.2, 2300, 60, 1]), ([0.25, 2600, 50, 0], [0.2, 2300, 60, 1]), ([0.25, 2600, 50, 0], [0.2, 2300, 60, 1], [0.15, 1600, 65, 3]), ([0.25, 2600, 50, 0], [0.2, 2300, 60, 1]), ([0.25, 2600, 50, 0], [0.2, 2300, 60, 1], [0.15, 1600, 65, 3])]"
38,"[([0.4, 0.5, 0.3, 0.4, 100, 5],), ([0.4, 0.5, 0.3, 0.4, 100, 5],), ([0.4, 0.5, 0.3, 0.4, 100, 5],), ([0.4, 0.5, 0.3, 0.4, 100, 5],), ([0.4, 0.5, 0.3, 0.4, 100, 5],), ([0.4, 0.5, 0.3, 0.4, 100, 5],), ([0.4, 0.5, 0.3, 0.4, 100, 5],), ([0.4, 0.5, 0.3, 0.4, 100, 5],), ([0.4, 0.5, 0.3, 0.4, 100, 5],), ([0.4, 0.5, 0.3, 0.4, 100, 5],), ([0.4, 0.5, 0.3, 0.4, 100, 5],), ([0.4, 0.5, 0.3, 0.4, 100, 5],), ([0.4, 0.5, 0.3, 0.4, 100, 5],), ([0.4, 0.5, 0.3, 0.4, 100, 5],), ([0.4, 0.5, 0.3, 0.4, 100, 5],), ([0.4, 0.5, 0.3, 0.4, 100, 5],)]","[([0.25, 2600, 50, 0], [0.2, 2300, 60, 1]), ([0.25, 2600, 50, 0], [0.2, 2300, 60, 1]), ([0.25, 2600, 50, 0], [0.2, 2300, 60, 1]), ([0.25, 2600, 50, 0], [0.2, 2300, 60, 1]), ([0.25, 2600, 50, 0], [0.2, 2300, 60, 1]), ([0.25, 2600, 50, 0], [0.2, 2300, 60, 1]), ([0.25, 2600, 50, 0], [0.2, 2300, 60, 1]), ([0.25, 2600, 50, 0], [0.2, 2300, 60, 1]), ([0.25, 2600, 50, 0], [0.2, 2300, 60, 1]), ([0.25, 2600, 50, 0], [0.2, 2300, 60, 1]), ([0.25, 2600, 50, 0], [0.2, 2300, 60, 1]), ([0.25, 2600, 50, 0], [0.2, 2300, 60, 1]), ([0.25, 2600, 50, 0], [0.2, 2300, 60, 1]), ([0.25, 2600, 50, 0], [0.2, 2300, 60, 1], [0.15, 1600, 65, 3]), ([0.25, 2600, 50, 0], [0.2, 2300, 60, 1]), ([0.25, 2600, 50, 0], [0.2, 2300, 60, 1], [0.15, 1600, 65, 3])]"
39,"[([0.4, 0.5, 0.3, 0.4, 100, 5],), ([0.4, 0.5, 0.3, 0.4, 100, 5],), ([0.4, 0.5, 0.3, 0.4, 100, 5],), ([0.4, 0.5, 0.3, 0.4, 100, 5],), ([0.4, 0.5, 0.3, 0.4, 100, 5],), ([0.4, 0.5, 0.3, 0.4, 100, 5],), ([0.4, 0.5, 0.3, 0.4, 100, 5],), ([0.4, 0.5, 0.3, 0.4, 100, 5],), ([0.4, 0.5, 0.3, 0.4, 100, 5],), ([0.4, 0.5, 0.3, 0.4, 100, 5],), ([0.4, 0.5, 0.3, 0.4, 100, 5],), ([0.4, 0.5, 0.3, 0.4, 100, 5],), ([0.4, 0.5, 0.3, 0.4, 100, 5],), ([0.4, 0.5, 0.3, 0.4, 100, 5],), ([0.4, 0.5, 0.3, 0.4, 100, 5],), ([0.4, 0.5, 0.3, 0.4, 100, 5],)]","[([0.25, 2600, 50, 0], [0.2, 2300, 60, 1]), ([0.25, 2600, 50, 0], [0.2, 2300, 60, 1]), ([0.25, 2600, 50, 0], [0.2, 2300, 60, 1]), ([0.25, 2600, 50, 0], [0.2, 2300, 60, 1]), ([0.25, 2600, 50, 0], [0.2, 2300, 60, 1]), ([0.25, 2600, 50, 0], [0.2, 2300, 60, 1]), ([0.25, 2600, 50, 0], [0.2, 2300, 60, 1]), ([0.25, 2600, 50, 0], [0.2, 2300, 60, 1]), ([0.25, 2600, 50, 0], [0.2, 2300, 60, 1]), ([0.25, 2600, 50, 0], [0.2, 2300, 60, 1]), ([0.25, 2600, 50, 0], [0.2, 2300, 60, 1]), ([0.25, 2600, 50, 0], [0.2, 2300, 60, 1]), ([0.25, 2600, 50, 0], [0.2, 2300, 60, 1]), ([0.25, 2600, 50, 0], [0.2, 2300, 60, 1], [0.15, 1600, 65, 3]), ([0.25, 2600, 50, 0], [0.2, 2300, 60, 1]), ([0.25, 2600, 50, 0], [0.2, 2300, 60, 1], [0.15, 1600, 65, 3])]"
40,"[([0.4, 0.5, 0.3, 0.4, 100, 5],), ([0.4, 0.5, 0.3, 0.4, 100, 5],), ([0.4, 0.5, 0.3, 0.4, 100, 5],), ([0.4, 0.5, 0.3, 0.4, 100, 5],), ([0.4, 0.5, 0.3, 0.4, 100, 5],), ([0.4, 0.5, 0.3, 0.4, 100, 5],), ([0.4, 0.5, 0.3, 0.4, 100, 5],), ([0.4, 0.5, 0.3, 0.4, 100, 5],), ([0.4, 0.5, 0.3, 0.4, 100, 5],), ([0.4, 0.5, 0.3, 0.4, 100, 5],), ([0.4, 0.5, 0.3, 0.4, 100, 5],), ([0.4, 0.5, 0.3, 0.4, 100, 5],), ([0.4, 0.5, 0.3, 0.4, 100, 5],), ([0.4, 0.5, 0.3, 0.4, 100, 5],), ([0.4, 0.5, 0.3, 0.4, 100, 5],), ([0.4, 0.5, 0.3, 0.4, 100, 5],)]","[([0.25, 2600, 50, 0], [0.2, 2300, 60, 1]), ([0.25, 2600, 50, 0], [0.2, 2300, 60, 1]), ([0.25, 2600, 50, 0], [0.2, 2300, 60, 1]), ([0.25, 2600, 50, 0], [0.2, 2300, 60, 1]), ([0.25, 2600, 50, 0], [0.2, 2300, 60, 1]), ([0.25, 2600, 50, 0], [0.2, 2300, 60, 1]), ([0.25, 2600, 50, 0], [0.2, 2300, 60, 1]), ([0.25, 2600, 50, 0], [0.2, 2300, 60, 1]), ([0.25, 2600, 50, 0], [0.2, 2300, 60, 1]), ([0.25, 2600, 50, 0], [0.2, 2300, 60, 1]), ([0.25, 2600, 50, 0], [0.2, 2300, 60, 1]), ([0.25, 2600, 50, 0], [0.2, 2300, 60, 1]), ([0.25, 2600, 50, 0], [0.2, 2300, 60, 1]), ([0.25, 2600, 50, 0], [0.2, 2300, 60, 1], [0.15, 1600, 65, 3]), ([0.25, 2600, 50, 0], [0.2, 2300, 60, 1]), ([0.25, 2600, 50, 0], [0.2, 2300, 60, 1], [0.15, 1600, 65, 3])]"
41,"[([0.4, 0.5, 0.3, 0.4, 100, 5],), ([0.4, 0.5, 0.3, 0.4, 100, 5],), ([0.4, 0.5, 0.3, 0.4, 100, 5],), ([0.4, 0.5, 0.3, 0.4, 100, 5],), ([0.4, 0.5, 0.3, 0.4, 100, 5],), ([0.4, 0.5, 0.3, 0.4, 100, 5],), ([0.4, 0.5, 0.3, 0.4, 100, 5],), ([0.4, 0.5, 0.3, 0.4, 100, 5],), ([0.4, 0.5, 0.3, 0.4, 100, 5],), ([0.4, 0.5, 0.3, 0.4, 100, 5],), ([0.4, 0.5, 0.3, 0.4, 100, 5],), ([0.4, 0.5, 0.3, 0.4, 100, 5],), ([0.4, 0.5, 0.3, 0.4, 100, 5],), ([0.4, 0.5, 0.3, 0.4, 100, 5],), ([0.4, 0.5, 0.3, 0.4, 100, 5],), ([0.4, 0.5, 0.3, 0.4, 100, 5],)]","[([0.25, 2600, 50, 0], [0.2, 2300, 60, 1]), ([0.25, 2600, 50, 0], [0.2, 2300, 60, 1]), ([0.25, 2600, 50, 0], [0.2, 2300, 60, 1]), ([0.25, 2600, 50, 0], [0.2, 2300, 60, 1]), ([0.25, 2600, 50, 0], [0.2, 2300, 60, 1]), ([0.25, 2600, 50, 0], [0.2, 2300, 60, 1]), ([0.25, 2600, 50, 0], [0.2, 2300, 60, 1]), ([0.25, 2600, 50, 0], [0.2, 2300, 60, 1]), ([0.25, 2600, 50, 0], [0.2, 2300, 60, 1]), ([0.25, 2600, 50, 0], [0.2, 2300, 60, 1]), ([0.25, 2600, 50, 0], [0.2, 2300, 60, 1]), ([0.25, 2600, 50, 0], [0.2, 2300, 60, 1]), ([0.25, 2600, 50, 0], [0.2, 2300, 60, 1]), ([0.25, 2600, 50, 0], [0.2, 2300, 60, 1], [0.15, 1600, 65, 3]), ([0.25, 2600, 50, 0], [0.2, 2300, 60, 1]), ([0.25, 2600, 50, 0], [0.2, 2300, 60, 1], [0.15, 1600, 65, 3])]"
42,"[([0.4, 0.5, 0.3, 0.4, 100, 5],), ([0.4, 0.5, 0.3, 0.4, 100, 5],), ([0.4, 0.5, 0.3, 0.4, 100, 5],), ([0.4, 0.5, 0.3, 0.4, 100, 5],), ([0.4, 0.5, 0.3, 0.4, 100, 5],), ([0.4, 0.5, 0.3, 0.4, 100, 5],), ([0.4, 0.5, 0.3, 0.4, 100, 5],), ([0.4, 0.5, 0.3, 0.4, 100, 5],), ([0.4, 0.5, 0.3, 0.4, 100, 5],), ([0.4, 0.5, 0.3, 0.4, 100, 5],), ([0.4, 0.5, 0.3, 0.4, 100, 5],), ([0.4, 0.5, 0.3, 0.4, 100, 5],), ([0.4, 0.5, 0.3, 0.4, 100, 5],), ([0.4, 0.5, 0.3, 0.4, 100, 5],), ([0.4, 0.5, 0.3, 0.4, 100, 5],), ([0.4, 0.5, 0.3, 0.4, 100, 5],)]","[([0.25, 2600, 50, 0], [0.2, 2300, 60, 1]), ([0.25, 2600, 50, 0], [0.2, 2300, 60, 1]), ([0.25, 2600, 50, 0], [0.2, 2300, 60, 1]), ([0.25, 2600, 50, 0], [0.2, 2300, 60, 1]), ([0.25, 2600, 50, 0], [0.2, 2300, 60, 1]), ([0.25, 2600, 50, 0], [0.2, 2300, 60, 1]), ([0.25, 2600, 50, 0], [0.2, 2300, 60, 1]), ([0.25, 2600, 50, 0], [0.2, 2300, 60, 1]), ([0.25, 2600, 50, 0], [0.2, 2300, 60, 1]), ([0.25, 2600, 50, 0], [0.2, 2300, 60, 1]), ([0.25, 2600, 50, 0], [0.2, 2300, 60, 1]), ([0.25, 2600, 50, 0], [0.2, 2300, 60, 1]), ([0.25, 2600, 50, 0], [0.2, 2300, 60, 1]), ([0.25, 2600, 50, 0], [0.2, 2300, 60, 1], [0.15, 1600, 65, 3]), ([0.25, 2600, 50, 0], [0.2, 2300, 60, 1]), ([0.25, 2600, 50, 0], [0.2, 2300, 60, 1], [0.15, 1600, 65, 3])]"
43,"[([0.4, 0.5, 0.3, 0.4, 100, 5],), ([0.4, 0.5, 0.3, 0.4, 100, 5],), ([0.4, 0.5, 0.3, 0.4, 100, 5],), ([0.4, 0.5, 0.3, 0.4, 100, 5],), ([0.4, 0.5, 0.3, 0.4, 100, 5],), ([0.4, 0.5, 0.3, 0.4, 100, 5],), ([0.4, 0.5, 0.3, 0.4, 100, 5],), ([0.4, 0.5, 0.3, 0.4, 100, 5],), ([0.4, 0.5, 0.3, 0.4, 100, 5],), ([0.4, 0.5, 0.3, 0.4, 100, 5],), ([0.4, 0.5, 0.3, 0.4, 100, 5],), ([0.4, 0.5, 0.3, 0.4, 100, 5],), ([0.4, 0.5, 0.3, 0.4, 100, 5],), ([0.4, 0.5, 0.3, 0.4, 100, 5],), ([0.4, 0.5, 0.3, 0.4, 100, 5],), ([0.4, 0.5, 0.3, 0.4, 100, 5],)]","[([0.25, 2600, 50, 0], [0.2, 2300, 60, 1]), ([0.25, 2600, 50, 0], [0.2, 2300, 60, 1]), ([0.25, 2600, 50, 0], [0.2, 2300, 60, 1]), ([0.25, 2600, 50, 0], [0.2, 2300, 60, 1]), ([0.25, 2600, 50, 0], [0.2, 2300, 60, 1]), ([0.25, 2600, 50, 0], [0.2, 2300, 60, 1]), ([0.25, 2600, 50, 0], [0.2, 2300, 60, 1]), ([0.25, 2600, 50, 0], [0.2, 2300, 60, 1]), ([0.25, 2600, 50, 0], [0.2, 2300, 60, 1]), ([0.25, 2600, 50, 0], [0.2, 2300, 60, 1]), ([0.25, 2600, 50, 0], [0.2, 2300, 60, 1]), ([0.25, 2600, 50, 0], [0.2, 2300, 60, 1]), ([0.25, 2600, 50, 0], [0.2, 2300, 60, 1]), ([0.25, 2600, 50, 0], [0.2, 2300, 60, 1], [0.15, 1600, 65, 3]), ([0.25, 2600, 50, 0], [0.2, 2300, 60, 1]), ([0.25, 2600, 50, 0], [0.2, 2300, 60, 1], [0.15, 1600, 65, 3])]"
44,"[([0.4, 0.5, 0.3, 0.4, 100, 5],), ([0.4, 0.5, 0.3, 0.4, 100, 5],), ([0.4, 0.5, 0.3, 0.4, 100, 5],), ([0.4, 0.5, 0.3, 0.4, 100, 5],), ([0.4, 0.5, 0.3, 0.4, 100, 5],), ([0.4, 0.5, 0.3, 0.4, 100, 5],), ([0.4, 0.5, 0.3, 0.4, 100, 5],), ([0.4, 0.5, 0.3, 0.4, 100, 5],), ([0.4, 0.5, 0.3, 0.4, 100, 5],), ([0.4, 0.5, 0.3, 0.4, 100, 5],), ([0.4, 0.5, 0.3, 0.4, 100, 5],), ([0.4, 0.5, 0.3, 0.4, 100, 5],), ([0.4, 0.5, 0.3, 0.4, 100, 5],), ([0.4, 0.5, 0.3, 0.4, 100, 5],), ([0.4, 0.5, 0.3, 0.4, 100, 5],), ([0.4, 0.5, 0.3, 0.4, 100, 5],)]","[([0.25, 2600, 50, 0], [0.2, 2300, 60, 1]), ([0.25, 2600, 50, 0], [0.2, 2300, 60, 1]), ([0.25, 2600, 50, 0], [0.2, 2300, 60, 1]), ([0.25, 2600, 50, 0], [0.2, 2300, 60, 1]), ([0.25, 2600, 50, 0], [0.2, 2300, 60, 1]), ([0.25, 2600, 50, 0], [0.2, 2300, 60, 1]), ([0.25, 2600, 50, 0], [0.2, 2300, 60, 1]), ([0.25, 2600, 50, 0], [0.2, 2300, 60, 1]), ([0.25, 2600, 50, 0], [0.2, 2300, 60, 1]), ([0.25, 2600, 50, 0], [0.2, 2300, 60, 1]), ([0.25, 2600, 50, 0], [0.2, 2300, 60, 1]), ([0.25, 2600, 50, 0], [0.2, 2300, 60, 1]), ([0.25, 2600, 50, 0], [0.2, 2300, 60, 1]), ([0.25, 2600, 50, 0], [0.2, 2300, 60, 1], [0.15, 1600, 65, 3]), ([0.25, 2600, 50, 0], [0.2, 2300, 60, 1]), ([0.25, 2600, 50, 0], [0.2, 2300, 60, 1], [0.15, 1600, 65, 3])]"
45,"[([0.4, 0.5, 0.3, 0.4, 100, 5],), ([0.4, 0.5, 0.3, 0.4, 100, 5],), ([0.4, 0.5, 0.3, 0.4, 100, 5],), ([0.4, 0.5, 0.3, 0.4, 100, 5],), ([0.4, 0.5, 0.3, 0.4, 100, 5],), ([0.4, 0.5, 0.3, 0.4, 100, 5],), ([0.4, 0.5, 0.3, 0.4, 100, 5],), ([0.4, 0.5, 0.3, 0.4, 100, 5],), ([0.4, 0.5, 0.3, 0.4, 100, 5],), ([0.4, 0.5, 0.3, 0.4, 100, 5],), ([0.4, 0.5, 0.3, 0.4, 100, 5],), ([0.4, 0.5, 0.3, 0.4, 100, 5],), ([0.4, 0.5, 0.3, 0.4, 100, 5],), ([0.4, 0.5, 0.3, 0.4, 100, 5],), ([0.4, 0.5, 0.3, 0.4, 100, 5],), ([0.4, 0.5, 0.3, 0.4, 100, 5],)]","[([0.25, 2600, 50, 0], [0.2, 2300, 60, 1]), ([0.25, 2600, 50, 0], [0.2, 2300, 60, 1]), ([0.25, 2600, 50, 0], [0.2, 2300, 60, 1]), ([0.25, 2600, 50, 0], [0.2, 2300, 60, 1]), ([0.25, 2600, 50, 0], [0.2, 2300, 60, 1]), ([0.25, 2600, 50, 0], [0.2, 2300, 60, 1]), ([0.25, 2600, 50, 0], [0.2, 2300, 60, 1]), ([0.25, 2600, 50, 0], [0.2, 2300, 60, 1]), ([0.25, 2600, 50, 0], [0.2, 2300, 60, 1]), ([0.25, 2600, 50, 0], [0.2, 2300, 60, 1]), ([0.25, 2600, 50, 0], [0.2, 2300, 60, 1]), ([0.25, 2600, 50, 0], [0.2, 2300, 60, 1]), ([0.25, 2600, 50, 0], [0.2, 2300, 60, 1]), ([0.25, 2600, 50, 0], [0.2, 2300, 60, 1], [0.15, 1600, 65, 3]), ([0.25, 2600, 50, 0], [0.2, 2300, 60, 1]), ([0.25, 2600, 50, 0], [0.2, 2300, 60, 1], [0.15, 1600, 65, 3])]"
46,"[([0.4, 0.5, 0.3, 0.4, 100, 5],), ([0.4, 0.5, 0.3, 0.4, 100, 5],), ([0.4, 0.5, 0.3, 0.4, 100, 5],), ([0.4, 0.5, 0.3, 0.4, 100, 5],), ([0.4, 0.5, 0.3, 0.4, 100, 5],), ([0.4, 0.5, 0.3, 0.4, 100, 5],), ([0.4, 0.5, 0.3, 0.4, 100, 5],), ([0.4, 0.5, 0.3, 0.4, 100, 5],), ([0.4, 0.5, 0.3, 0.4, 100, 5],), ([0.4, 0.5, 0.3, 0.4, 100, 5],), ([0.4, 0.5, 0.3, 0.4, 100, 5],), ([0.4, 0.5, 0.3, 0.4, 100, 5],), ([0.4, 0.5, 0.3, 0.4, 100, 5],), ([0.4, 0.5, 0.3, 0.4, 100, 5],), ([0.4, 0.5, 0.3, 0.4, 100, 5],), ([0.4, 0.5, 0.3, 0.4, 100, 5],)]","[([0.25, 2600, 50, 0], [0.2, 2300, 60, 1]), ([0.25, 2600, 50, 0], [0.2, 2300, 60, 1]), ([0.25, 2600, 50, 0], [0.2, 2300, 60, 1]), ([0.25, 2600, 50, 0], [0.2, 2300, 60, 1]), ([0.25, 2600, 50, 0], [0.2, 2300, 60, 1]), ([0.25, 2600, 50, 0], [0.2, 2300, 60, 1]), ([0.25, 2600, 50, 0], [0.2, 2300, 60, 1]), ([0.25, 2600, 50, 0], [0.2, 2300, 60, 1]), ([0.25, 2600, 50, 0], [0.2, 2300, 60, 1]), ([0.25, 2600, 50, 0], [0.2, 2300, 60, 1]), ([0.25, 2600, 50, 0], [0.2, 2300, 60, 1]), ([0.25, 2600, 50, 0], [0.2, 2300, 60, 1]), ([0.25, 2600, 50, 0], [0.2, 2300, 60, 1]), ([0.25, 2600, 50, 0], [0.2, 2300, 60, 1], [0.15, 1600, 65, 3]), ([0.25, 2600, 50, 0], [0.2, 2300, 60, 1]), ([0.25, 2600, 50, 0], [0.2, 2300, 60, 1], [0.15, 1600, 65, 3])]"
47,"[([0.4, 0.5, 0.3, 0.4, 100, 5],), ([0.4, 0.5, 0.3, 0.4, 100, 5],), ([0.4, 0.5, 0.3, 0.4, 100, 5],), ([0.4, 0.5, 0.3, 0.4, 100, 5],), ([0.4, 0.5, 0.3, 0.4, 100, 5],), ([0.4, 0.5, 0.3, 0.4, 100, 5],), ([0.4, 0.5, 0.3, 0.4, 100, 5],), ([0.4, 0.5, 0.3, 0.4, 100, 5],), ([0.4, 0.5, 0.3, 0.4, 100, 5],), ([0.4, 0.5, 0.3, 0.4, 100, 5],), ([0.4, 0.5, 0.3, 0.4, 100, 5],), ([0.4, 0.5, 0.3, 0.4, 100, 5],), ([0.4, 0.5, 0.3, 0.4, 100, 5],), ([0.4, 0.5, 0.3, 0.4, 100, 5],), ([0.4, 0.5, 0.3, 0.4, 100, 5],), ([0.4, 0.5, 0.3, 0.4, 100, 5],)]","[([0.25, 2600, 50, 0], [0.2, 2300, 60, 1]), ([0.25, 2600, 50, 0], [0.2, 2300, 60, 1]), ([0.25, 2600, 50, 0], [0.2, 2300, 60, 1]), ([0.25, 2600, 50, 0], [0.2, 2300, 60, 1]), ([0.25, 2600, 50, 0], [0.2, 2300, 60, 1]), ([0.25, 2600, 50, 0], [0.2, 2300, 60, 1]), ([0.25, 2600, 50, 0], [0.2, 2300, 60, 1]), ([0.25, 2600, 50, 0], [0.2, 2300, 60, 1]), ([0.25, 2600, 50, 0], [0.2, 2300, 60, 1]), ([0.25, 2600, 50, 0], [0.2, 2300, 60, 1]), ([0.25, 2600, 50, 0], [0.2, 2300, 60, 1]), ([0.25, 2600, 50, 0], [0.2, 2300, 60, 1]), ([0.25, 2600, 50, 0], [0.2, 2300, 60, 1]), ([0.25, 2600, 50, 0], [0.2, 2300, 60, 1], [0.15, 1600, 65, 3]), ([0.25, 2600, 50, 0], [0.2, 2300, 60, 1]), ([0.25, 2600, 50, 0], [0.2, 2300, 60, 1], [0.15, 1600, 65, 3])]"
48,"[([0.4, 0.5, 0.3, 0.4, 100, 5],), ([0.4, 0.5, 0.3, 0.4, 100, 5],), ([0.4, 0.5, 0.3, 0.4, 100, 5],), ([0.4, 0.5, 0.3, 0.4, 100, 5],), ([0.4, 0.5, 0.3, 0.4, 100, 5],), ([0.4, 0.5, 0.3, 0.4, 100, 5],), ([0.4, 0.5, 0.3, 0.4, 100, 5],), ([0.4, 0.5, 0.3, 0.4, 100, 5],), ([0.4, 0.5, 0.3, 0.4, 100, 5],), ([0.4, 0.5, 0.3, 0.4, 100, 5],), ([0.4, 0.5, 0.3, 0.4, 100, 5],), ([0.4, 0.5, 0.3, 0.4, 100, 5],), ([0.4, 0.5, 0.3, 0.4, 100, 5],), ([0.4, 0.5, 0.3, 0.4, 100, 5],), ([0.4, 0.5, 0.3, 0.4, 100, 5],), ([0.4, 0.5, 0.3, 0.4, 100, 5],)]","[([0.25, 2600, 50, 0], [0.2, 2300, 60, 1]), ([0.25, 2600, 50, 0], [0.2, 2300, 60, 1]), ([0.25, 2600, 50, 0], [0.2, 2300, 60, 1]), ([0.25, 2600, 50, 0], [0.2, 2300, 60, 1]), ([0.25, 2600, 50, 0], [0.2, 2300, 60, 1]), ([0.25, 2600, 50, 0], [0.2, 2300, 60, 1]), ([0.25, 2600, 50, 0], [0.2, 2300, 60, 1]), ([0.25, 2600, 50, 0], [0.2, 2300, 60, 1]), ([0.25, 2600, 50, 0], [0.2, 2300, 60, 1]), ([0.25, 2600, 50, 0], [0.2, 2300, 60, 1]), ([0.25, 2600, 50, 0], [0.2, 2300, 60, 1]), ([0.25, 2600, 50, 0], [0.2, 2300, 60, 1]), ([0.25, 2600, 50, 0], [0.2, 2300, 60, 1]), ([0.25, 2600, 50, 0], [0.2, 2300, 60, 1], [0.15, 1600, 65, 3]), ([0.25, 2600, 50, 0], [0.2, 2300, 60, 1]), ([0.25, 2600, 50, 0], [0.2, 2300, 60, 1], [0.15, 1600, 65, 3])]"
49,"[([0.4, 0.5, 0.3, 0.4, 100, 5],), ([0.4, 0.5, 0.3, 0.4, 100, 5],), ([0.4, 0.5, 0.3, 0.4, 100, 5],), ([0.4, 0.5, 0.3, 0.4, 100, 5],), ([0.4, 0.5, 0.3, 0.4, 100, 5],), ([0.4, 0.5, 0.3, 0.4, 100, 5],), ([0.4, 0.5, 0.3, 0.4, 100, 5],), ([0.4, 0.5, 0.3, 0.4, 100, 5],), ([0.4, 0.5, 0.3, 0.4, 100, 5],), ([0.4, 0.5, 0.3, 0.4, 100, 5],), ([0.4, 0.5, 0.3, 0.4, 100, 5],), ([0.4, 0.5, 0.3, 0.4, 100, 5],), ([0.4, 0.5, 0.3, 0.4, 100, 5],), ([0.4, 0.5, 0.3, 0.4, 100, 5],), ([0.4, 0.5, 0.3, 0.4, 100, 5],), ([0.4, 0.5, 0.3, 0.4, 100, 5],)]","[([0.25, 2600, 50, 0], [0.2, 2300, 60, 1]), ([0.25, 2600, 50, 0], [0.2, 2300, 60, 1]), ([0.25, 2600, 50, 0], [0.2, 2300, 60, 1]), ([0.25, 2600, 50, 0], [0.2, 2300, 60, 1]), ([0.25, 2600, 50, 0], [0.2, 2300, 60, 1]), ([0.25, 2600, 50, 0], [0.2, 2300, 60, 1]), ([0.25, 2600, 50, 0], [0.2, 2300, 60, 1]), ([0.25, 2600, 50, 0], [0.2, 2300, 60, 1]), ([0.25, 2600, 50, 0], [0.2, 2300, 60, 1]), ([0.25, 2600, 50, 0], [0.2, 2300, 60, 1]), ([0.25, 2600, 50, 0], [0.2, 2300, 60, 1]), ([0.25, 2600, 50, 0], [0.2, 2300, 60, 1]), ([0.25, 2600, 50, 0], [0.2, 2300, 60, 1]), ([0.25, 2600, 50, 0], [0.2, 2300, 60, 1], [0.15, 1600, 65, 3]), ([0.25, 2600, 50, 0], [0.2, 2300, 60, 1]), ([0.25, 2600, 50, 0], [0.2, 2300, 60, 1], [0.15, 1600, 65, 3])]"
50,"[([0.4, 0.5, 0.3, 0.4, 100, 5],), ([0.4, 0.5, 0.3, 0.4, 100, 5],), ([0.4, 0.5, 0.3, 0.4, 100, 5],), ([0.4, 0.5, 0.3, 0.4, 100, 5],), ([0.4, 0.5, 0.3, 0.4, 100, 5],), ([0.4, 0.5, 0.3, 0.4, 100, 5],), ([0.4, 0.5, 0.3, 0.4, 100, 5],), ([0.4, 0.5, 0.3, 0.4, 100, 5],), ([0.4, 0.5, 0.3, 0.4, 100, 5],), ([0.4, 0.5, 0.3, 0.4, 100, 5],), ([0.4, 0.5, 0.3, 0.4, 100, 5],), ([0.4, 0.5, 0.3, 0.4, 100, 5],), ([0.4, 0.5, 0.3, 0.4, 100, 5],), ([0.4, 0.5, 0.3, 0.4, 100, 5],), ([0.4, 0.5, 0.3, 0.4, 100, 5],), ([0.4, 0.5, 0.3, 0.4, 100, 5],)]","[([0.25, 2600, 50, 0], [0.2, 2300, 60, 1]), ([0.25, 2600, 50, 0], [0.2, 2300, 60, 1]), ([0.25, 2600, 50, 0], [0.2, 2300, 60, 1]), ([0.25, 2600, 50, 0], [0.2, 2300, 60, 1]), ([0.25, 2600, 50, 0], [0.2, 2300, 60, 1]), ([0.25, 2600, 50, 0], [0.2, 2300, 60, 1]), ([0.25, 2600, 50, 0], [0.2, 2300, 60, 1]), ([0.25, 2600, 50, 0], [0.2, 2300, 60, 1]), ([0.25, 2600, 50, 0], [0.2, 2300, 60, 1]), ([0.25, 2600, 50, 0], [0.2, 2300, 60, 1]), ([0.25, 2600, 50, 0], [0.2, 2300, 60, 1]), ([0.25, 2600, 50, 0], [0.2, 2300, 60, 1]), ([0.25, 2600, 50, 0], [0.2, 2300, 60, 1]), ([0.25, 2600, 50, 0], [0.2, 2300, 60, 1], [0.15, 1600, 65, 3]), ([0.25, 2600, 50, 0], [0.2, 2300, 60, 1]), ([0.25, 2600, 50, 0], [0.2, 2300, 60, 1], [0.15, 1600, 65, 3])]"
